Tarih,Max_Sicaklik_C,Min_Sicaklik_C,Yagis_mm,Don_Riski,Kritik_Don,Hasat_Donemi,Asgari_Yagis
2021-03-11,9.0,4.63,9.77,0,0,0,0
2021-03-12,4.57,-0.07,5.33,1,0,0,0
2021-03-13,9.97,-1.33,0.0,1,0,0,0
2021-03-14,12.8,5.13,0.0,0,0,0,0
2021-03-15,17.0,8.3,0.03,0,0,0,0
2021-03-16,19.3,9.47,6.43,0,0,0,0
2021-03-17,15.97,7.97,5.03,0,0,0,0
2021-03-18,11.9,5.57,1.37,0,0,0,0
2021-03-19,9.9,6.13,1.57,0,0,0,0
2021-03-20,11.3,6.6,5.0,0,0,0,0
2021-03-21,7.03,5.0,11.07,0,0,0,0
2021-03-22,15.0,4.9,2.6,0,0,0,0
2021-03-23,15.43,5.1,6.8,0,0,0,0
2021-03-24,6.2,3.67,13.63,0,0,0,0
2021-03-25,5.4,2.77,7.9,0,0,0,0
2021-03-26,7.77,2.23,1.8,0,0,0,0
2021-03-27,8.63,2.73,1.83,0,0,0,0
2021-03-28,11.13,2.7,0.0,0,0,0,0
2021-03-29,12.7,2.6,0.0,0,0,0,0
2021-03-30,9.77,5.37,0.87,0,0,0,0
2021-03-31,9.1,6.03,0.93,0,0,0,0
2021-04-01,7.53,5.1,3.43,0,0,0,0
2021-04-02,10.1,5.63,2.87,0,0,0,0
2021-04-03,15.83,6.03,0.6,0,0,0,0
2021-04-04,20.9,7.33,0.2,0,0,0,0
2021-04-05,20.43,8.63,5.4,0,0,0,0
2021-04-06,20.3,5.8,2.83,0,0,0,0
2021-04-07,27.57,13.67,0.0,0,0,0,0
2021-04-08,15.87,9.5,0.53,0,0,0,0
2021-04-09,9.73,5.77,9.0,0,0,0,0
2021-04-10,8.17,5.33,6.33,0,0,0,0
2021-04-11,9.3,6.27,4.87,0,0,0,0
2021-04-12,10.57,5.8,1.6,0,0,0,0
2021-04-13,10.67,5.8,1.2,0,0,0,0
2021-04-14,16.73,4.93,0.0,0,0,0,0
2021-04-15,19.0,9.63,0.0,0,0,0,0
2021-04-16,18.0,8.7,0.03,0,0,0,0
2021-04-17,13.83,8.2,0.13,0,0,0,0
2021-04-18,24.77,9.67,0.0,0,0,0,0
2021-04-19,22.63,15.4,0.07,0,0,0,0
2021-04-20,21.87,10.4,1.57,0,0,0,0
2021-04-21,13.87,9.53,0.1,0,0,0,0
2021-04-22,12.63,9.07,0.77,0,0,0,0
2021-04-23,17.43,7.77,0.0,0,0,0,0
2021-04-24,16.37,10.0,0.0,0,0,0,0
2021-04-25,12.4,8.87,3.5,0,0,0,0
2021-04-26,11.43,8.43,10.67,0,0,0,0
2021-04-27,12.93,9.0,1.23,0,0,0,0
2021-04-28,20.0,9.03,0.0,0,0,0,0
2021-04-29,23.37,11.13,0.13,0,0,0,0
2021-04-30,18.3,14.0,1.93,0,0,0,0
2021-05-01,20.93,11.43,0.0,0,0,0,0
2021-05-02,23.1,12.4,0.0,0,0,0,0
2021-05-03,26.83,16.27,0.0,0,0,0,0
2021-05-04,20.33,12.97,10.13,0,0,0,0
2021-05-05,14.87,10.73,0.4,0,0,0,0
2021-05-06,20.5,10.17,3.23,0,0,0,0
2021-05-07,20.43,13.17,0.67,0,0,0,0
2021-05-08,26.57,12.97,0.4,0,0,0,0
2021-05-09,17.07,8.57,17.9,0,0,0,0
2021-05-10,12.37,7.3,0.27,0,0,0,0
2021-05-11,13.8,6.03,0.0,0,0,0,0
2021-05-12,18.8,7.33,0.0,0,0,0,0
2021-05-13,23.03,11.97,0.0,0,0,0,0
2021-05-14,23.7,14.67,0.0,0,0,0,0
2021-05-15,21.13,13.6,0.0,0,0,0,0
2021-05-16,20.7,14.27,0.03,0,0,0,0
2021-05-17,19.2,13.53,0.83,0,0,0,0
2021-05-18,23.7,12.3,0.0,0,0,0,0
2021-05-19,20.5,15.0,0.87,0,0,0,0
2021-05-20,28.37,13.7,0.0,0,0,0,0
2021-05-21,24.5,14.27,0.0,0,0,0,0
2021-05-22,17.83,14.27,11.8,0,0,0,0
2021-05-23,17.7,14.27,14.87,0,0,0,0
2021-05-24,19.43,14.33,0.2,0,0,0,0
2021-05-25,19.1,14.2,1.17,0,0,0,0
2021-05-26,17.73,12.83,0.0,0,0,0,0
2021-05-27,18.37,13.0,0.0,0,0,0,0
2021-05-28,19.23,13.87,0.0,0,0,0,0
2021-05-29,18.3,14.8,5.97,0,0,0,0
2021-05-30,21.27,14.1,0.27,0,0,0,0
2021-05-31,22.43,14.67,0.1,0,0,0,0
2021-06-01,19.8,15.47,6.67,0,0,0,0
2021-06-02,18.13,13.9,16.33,0,0,0,0
2021-06-03,18.83,12.53,1.03,0,0,0,0
2021-06-04,19.7,12.87,1.03,0,0,0,0
2021-06-05,17.7,14.43,0.87,0,0,0,0
2021-06-06,18.53,13.3,2.4,0,0,0,0
2021-06-07,20.57,12.17,0.0,0,0,0,0
2021-06-08,21.53,13.63,0.0,0,0,0,0
2021-06-09,19.4,14.97,0.8,0,0,0,0
2021-06-10,20.5,14.57,0.07,0,0,0,0
2021-06-11,20.6,15.37,1.03,0,0,0,0
2021-06-12,20.43,15.57,0.2,0,0,0,0
2021-06-13,21.5,16.0,0.0,0,0,0,0
2021-06-14,22.9,16.0,1.3,0,0,0,0
2021-06-15,23.83,17.13,0.5,0,0,0,0
2021-06-16,20.97,17.6,6.47,0,0,0,0
2021-06-17,22.1,16.53,1.3,0,0,0,0
2021-06-18,23.2,15.4,0.0,0,0,0,0
2021-06-19,22.5,17.03,0.03,0,0,0,0
2021-06-20,24.27,17.87,0.0,0,0,0,0
2021-06-21,22.4,18.3,0.87,0,0,0,0
2021-06-22,22.97,18.57,1.13,0,0,0,0
2021-06-23,22.4,19.2,1.93,0,0,0,0
2021-06-24,23.23,19.0,0.33,0,0,0,0
2021-06-25,23.63,19.3,1.33,0,0,0,0
2021-06-26,25.23,19.07,0.23,0,0,0,0
2021-06-27,25.6,19.73,0.23,0,0,0,0
2021-06-28,25.2,20.57,4.23,0,0,0,0
2021-06-29,25.0,20.73,3.0,0,0,0,0
2021-06-30,25.0,19.97,0.2,0,0,0,0
2021-07-01,25.43,20.83,0.47,0,0,0,0
2021-07-02,29.2,19.43,0.0,0,0,0,0
2021-07-03,27.67,20.6,2.4,0,0,0,0
2021-07-04,25.6,19.33,11.67,0,0,0,0
2021-07-05,26.7,18.37,0.63,0,0,0,0
2021-07-06,26.0,18.2,0.0,0,0,0,0
2021-07-07,26.37,20.03,1.27,0,0,0,0
2021-07-08,25.43,19.7,0.6,0,0,0,0
2021-07-09,26.1,19.97,0.07,0,0,0,0
2021-07-10,25.83,20.83,2.07,0,0,0,0
2021-07-11,25.4,20.83,1.2,0,0,0,0
2021-07-12,26.33,21.3,0.2,0,0,0,0
2021-07-13,25.9,21.0,1.73,0,0,0,0
2021-07-14,25.53,20.93,7.8,0,0,0,0
2021-07-15,25.63,21.5,25.3,0,0,0,0
2021-07-16,26.33,21.2,0.23,0,0,0,0
2021-07-17,27.53,22.3,0.1,0,0,0,0
2021-07-18,28.93,22.7,0.0,0,0,0,0
2021-07-19,29.3,23.77,0.13,0,0,0,0
2021-07-20,28.77,23.7,0.87,0,0,0,0
2021-07-21,27.33,24.07,7.87,0,0,0,0
2021-07-22,26.2,22.73,4.07,0,0,0,0
2021-07-23,25.5,20.47,2.53,0,0,0,0
2021-07-24,25.07,20.13,3.83,0,0,0,0
2021-07-25,25.87,20.93,0.13,0,0,0,0
2021-07-26,25.9,21.37,3.1,0,0,0,0
2021-07-27,27.0,21.7,9.57,0,0,0,0
2021-07-28,25.93,21.37,5.53,0,0,0,0
2021-07-29,27.07,21.17,1.87,0,0,0,0
2021-07-30,25.97,21.07,4.27,0,0,0,0
2021-07-31,26.0,21.37,2.77,0,0,0,0
2021-08-01,25.57,20.97,1.77,0,0,1,0
2021-08-02,26.6,22.23,0.93,0,0,1,0
2021-08-03,27.2,22.17,0.0,0,0,1,0
2021-08-04,27.37,22.4,0.43,0,0,1,0
2021-08-05,27.83,22.97,0.6,0,0,1,0
2021-08-06,29.53,22.23,0.0,0,0,1,0
2021-08-07,31.2,24.2,1.83,0,0,1,0
2021-08-08,26.8,22.83,8.9,0,0,1,0
2021-08-09,24.87,21.83,16.4,0,0,1,0
2021-08-10,26.3,21.7,9.1,0,0,1,0
2021-08-11,25.93,20.67,3.73,0,0,1,0
2021-08-12,26.67,20.9,17.07,0,0,1,0
2021-08-13,26.03,21.33,10.57,0,0,1,0
2021-08-14,22.37,19.9,21.0,0,0,1,0
2021-08-15,22.67,19.57,4.3,0,0,1,0
2021-08-16,23.3,20.13,3.07,0,0,1,0
2021-08-17,24.07,19.8,1.1,0,0,1,0
2021-08-18,24.93,19.63,0.33,0,0,1,0
2021-08-19,24.37,20.47,3.3,0,0,1,0
2021-08-20,24.2,19.4,6.23,0,0,1,0
2021-08-21,22.9,20.67,2.53,0,0,1,0
2021-08-22,23.33,20.57,7.1,0,0,1,0
2021-08-23,23.83,21.47,10.07,0,0,1,0
2021-08-24,24.93,20.97,2.47,0,0,1,0
2021-08-25,25.2,20.37,0.67,0,0,1,0
2021-08-26,27.07,19.83,0.07,0,0,1,0
2021-08-27,27.47,20.67,0.6,0,0,1,0
2021-08-28,26.73,20.37,0.07,0,0,1,0
2021-08-29,27.8,20.73,0.17,0,0,1,0
2021-08-30,27.1,22.6,1.57,0,0,1,0
2021-08-31,26.37,22.93,3.6,0,0,1,0
2021-09-01,25.8,21.53,4.0,0,0,1,0
2021-09-02,22.7,18.93,14.77,0,0,1,0
2021-09-03,20.23,17.37,17.8,0,0,1,0
2021-09-04,21.3,15.87,0.17,0,0,1,0
2021-09-05,21.03,17.13,1.93,0,0,1,0
2021-09-06,20.83,17.37,5.03,0,0,1,0
2021-09-07,20.03,17.1,1.57,0,0,1,0
2021-09-08,20.7,16.9,0.87,0,0,1,0
2021-09-09,21.1,17.97,2.73,0,0,1,0
2021-09-10,23.0,19.03,1.9,0,0,1,0
2021-09-11,21.87,18.63,7.53,0,0,1,0
2021-09-12,22.27,17.77,0.83,0,0,1,0
2021-09-13,22.4,17.57,0.7,0,0,1,0
2021-09-14,22.13,19.07,3.73,0,0,1,0
2021-09-15,22.57,19.67,15.43,0,0,1,0
2021-09-16,21.8,18.63,10.37,0,0,1,0
2021-09-17,20.23,16.23,2.83,0,0,1,0
2021-09-18,23.63,14.33,0.0,0,0,1,0
2021-09-19,25.67,16.07,0.07,0,0,1,0
2021-09-20,24.8,17.33,0.0,0,0,1,0
2021-09-21,29.47,17.43,10.77,0,0,1,0
2021-09-22,19.6,15.23,36.4,0,0,1,0
2021-09-23,18.53,14.47,23.83,0,0,1,0
2021-09-24,17.0,12.2,15.43,0,0,1,0
2021-09-25,21.47,11.47,0.9,0,0,1,0
2021-09-26,19.77,12.97,0.0,0,0,1,0
2021-09-27,19.67,12.97,0.13,0,0,1,0
2021-09-28,19.2,14.9,0.7,0,0,1,0
2021-09-29,17.4,14.87,6.23,0,0,1,0
2021-09-30,18.27,14.33,2.87,0,0,1,0
2021-10-01,18.1,13.8,3.9,0,0,1,0
2021-10-02,17.7,14.1,4.53,0,0,1,0
2021-10-03,17.07,14.97,25.23,0,0,1,0
2021-10-04,18.47,13.67,2.9,0,0,1,0
2021-10-05,16.4,12.1,3.6,0,0,1,0
2021-10-06,17.57,10.4,1.9,0,0,1,0
2021-10-07,18.23,10.63,0.5,0,0,1,0
2021-10-08,18.1,12.27,0.9,0,0,1,0
2021-10-09,19.53,12.93,0.0,0,0,1,0
2021-10-10,18.33,13.7,1.33,0,0,1,0
2021-10-11,19.23,14.3,0.43,0,0,1,0
2021-10-12,20.43,14.2,0.23,0,0,1,0
2021-10-13,27.27,14.33,0.0,0,0,1,0
2021-10-14,19.0,15.73,7.33,0,0,1,0
2021-10-15,19.73,15.23,0.27,0,0,1,0
2021-10-16,23.33,13.63,0.0,0,0,1,0
2021-10-17,19.77,13.97,1.57,0,0,1,0
2021-10-18,17.07,14.73,28.4,0,0,1,0
2021-10-19,15.5,12.6,19.97,0,0,1,0
2021-10-20,13.73,11.83,4.97,0,0,1,0
2021-10-21,16.13,9.27,0.0,0,0,1,0
2021-10-22,21.23,9.97,0.0,0,0,1,0
2021-10-23,20.1,10.53,0.0,0,0,1,0
2021-10-24,18.4,10.17,2.07,0,0,1,0
2021-10-25,13.07,8.7,16.53,0,0,1,0
2021-10-26,13.3,6.8,0.0,0,0,1,0
2021-10-27,14.93,6.33,0.0,0,0,1,0
2021-10-28,14.7,8.43,1.47,0,0,1,0
2021-10-29,13.63,9.77,6.8,0,0,1,0
2021-10-30,15.27,8.67,0.17,0,0,1,0
2021-10-31,17.23,9.87,0.0,0,0,1,0
2021-11-01,22.53,12.43,0.0,0,0,0,0
2021-11-02,20.87,15.63,1.17,0,0,0,0
2021-11-03,22.23,14.27,1.5,0,0,0,0
2021-11-04,20.37,11.87,0.07,0,0,0,0
2021-11-05,19.63,11.77,0.0,0,0,0,0
2021-11-06,19.3,11.6,0.0,0,0,0,0
2021-11-07,16.63,10.77,0.07,0,0,0,0
2021-11-08,19.7,10.5,0.0,0,0,0,0
2021-11-09,23.13,11.6,0.03,0,0,0,0
2021-11-10,15.3,6.77,28.17,0,0,0,0
2021-11-11,10.3,6.33,5.2,0,0,0,0
2021-11-12,12.33,4.13,0.0,0,0,0,0
2021-11-13,14.63,5.53,0.0,0,0,0,0
2021-11-14,15.63,6.7,0.0,0,0,0,0
2021-11-15,15.03,8.1,0.27,0,0,0,0
2021-11-16,12.5,9.77,1.03,0,0,0,0
2021-11-17,13.43,7.23,0.1,0,0,0,0
2021-11-18,13.9,6.7,0.0,0,0,0,0
2021-11-19,14.2,7.97,0.2,0,0,0,0
2021-11-20,11.1,8.63,9.77,0,0,0,0
2021-11-21,14.03,6.23,0.07,0,0,0,0
2021-11-22,18.33,6.73,0.0,0,0,0,0
2021-11-23,19.27,9.3,0.0,0,0,0,0
2021-11-24,12.93,8.53,27.67,0,0,0,0
2021-11-25,8.53,6.1,12.1,0,0,0,0
2021-11-26,12.73,5.6,0.0,0,0,0,0
2021-11-27,20.6,7.97,0.4,0,0,0,0
2021-11-28,21.5,15.4,1.13,0,0,0,0
2021-11-29,24.5,16.37,0.0,0,0,0,0
2021-11-30,24.2,11.33,3.23,0,0,0,0
2021-12-01,13.03,5.43,23.8,0,0,0,0
2021-12-02,12.7,4.23,0.07,0,0,0,0
2021-12-03,16.57,4.73,0.0,0,0,0,0
2021-12-04,17.93,8.27,0.07,0,0,0,0
2021-12-05,15.87,8.37,0.8,0,0,0,0
2021-12-06,19.4,8.17,0.0,0,0,0,0
2021-12-07,19.57,10.77,0.0,0,0,0,0
2021-12-08,18.97,10.73,0.0,0,0,0,0
2021-12-09,13.23,7.83,4.43,0,0,0,0
2021-12-10,16.77,7.23,0.0,0,0,0,0
2021-12-11,19.27,8.93,0.0,0,0,0,0
2021-12-12,19.5,9.67,0.0,0,0,0,0
2021-12-13,19.73,10.8,0.0,0,0,0,0
2021-12-14,15.03,10.6,0.5,0,0,0,0
2021-12-15,17.27,10.23,0.03,0,0,0,0
2021-12-16,12.77,8.9,0.97,0,0,0,0
2021-12-17,11.03,8.5,3.27,0,0,0,0
2021-12-18,9.3,6.97,10.8,0,0,0,0
2021-12-19,7.7,5.07,5.93,0,0,0,0
2021-12-20,9.4,5.67,2.23,0,0,0,0
2021-12-21,8.37,2.5,12.97,0,0,0,0
2021-12-22,4.53,0.2,7.17,0,0,0,0
2021-12-23,4.3,-1.47,0.63,1,0,0,0
2021-12-24,4.43,-2.67,0.0,1,0,0,0
2021-12-25,11.33,0.97,0.0,0,0,0,0
2021-12-26,13.37,4.2,0.0,0,0,0,0
2021-12-27,15.87,6.17,0.0,0,0,0,0
2021-12-28,15.53,5.9,0.0,0,0,0,0
2021-12-29,15.57,6.73,0.0,0,0,0,0
2021-12-30,15.77,7.63,0.0,0,0,0,0
2021-12-31,13.73,6.2,0.0,0,0,0,0
2022-01-01,11.07,6.97,3.13,0,0,0,0
2022-01-02,10.0,5.57,17.97,0,0,0,0
2022-01-03,8.87,3.87,1.0,0,0,0,0
2022-01-04,12.07,5.1,3.03,0,0,0,0
2022-01-05,15.3,4.5,0.03,0,0,0,0
2022-01-06,18.53,9.03,0.0,0,0,0,0
2022-01-07,16.9,7.73,0.0,0,0,0,0
2022-01-08,12.67,5.87,0.0,0,0,0,0
2022-01-09,15.9,7.27,0.03,0,0,0,0
2022-01-10,16.7,9.8,0.3,0,0,0,0
2022-01-11,16.27,9.77,0.0,0,0,0,0
2022-01-12,13.83,7.63,4.4,0,0,0,0
2022-01-13,6.9,2.0,17.17,0,0,0,0
2022-01-14,5.3,0.77,0.53,0,0,0,0
2022-01-15,7.57,1.2,7.33,0,0,0,0
2022-01-16,5.0,0.03,4.77,0,0,0,0
2022-01-17,7.03,-0.47,0.33,1,0,0,0
2022-01-18,9.57,1.37,7.3,0,0,0,0
2022-01-19,2.87,-1.03,4.57,1,0,0,0
2022-01-20,4.7,-1.83,2.53,1,0,0,0
2022-01-21,9.2,-0.43,0.0,1,0,0,0
2022-01-22,9.47,4.8,0.9,0,0,0,0
2022-01-23,6.77,2.17,4.1,0,0,0,0
2022-01-24,3.8,0.73,10.37,0,0,0,0
2022-01-25,3.27,-4.83,1.93,1,0,0,0
2022-01-26,3.4,0.8,8.57,0,0,0,0
2022-01-27,4.77,-2.57,6.27,1,0,0,0
2022-01-28,6.9,-5.03,0.0,1,0,0,0
2022-01-29,8.17,-2.77,0.0,1,0,0,0
2022-01-30,8.0,-1.77,0.07,1,0,0,0
2022-01-31,8.33,4.73,2.83,0,0,0,0
2022-02-01,10.4,4.03,2.47,0,0,0,0
2022-02-02,15.57,6.7,0.0,0,0,0,0
2022-02-03,15.73,10.33,0.0,0,0,0,0
2022-02-04,11.4,3.43,8.7,0,0,0,0
2022-02-05,7.97,0.13,1.37,0,0,0,0
2022-02-06,10.17,1.0,1.6,0,0,0,0
2022-02-07,12.33,1.67,1.3,0,0,0,0
2022-02-08,16.1,5.0,0.2,0,0,0,0
2022-02-09,14.97,5.57,5.33,0,0,0,0
2022-02-10,6.1,3.3,9.2,0,0,0,0
2022-02-11,8.17,2.0,0.03,0,0,0,0
2022-02-12,14.43,2.33,0.0,0,0,0,0
2022-02-13,8.7,3.67,2.1,0,0,0,0
2022-02-14,7.03,5.33,2.43,0,0,0,0
2022-02-15,8.63,5.43,0.47,0,0,0,0
2022-02-16,9.13,2.07,0.0,0,0,0,0
2022-02-17,11.2,1.37,0.0,0,0,0,0
2022-02-18,15.37,4.67,0.7,0,0,0,0
2022-02-19,9.0,6.03,1.47,0,0,0,0
2022-02-20,13.03,3.6,0.0,0,0,0,0
2022-02-21,13.6,6.7,0.03,0,0,0,0
2022-02-22,18.8,6.87,0.0,0,0,0,0
2022-02-23,19.4,10.3,0.0,0,0,0,0
2022-02-24,14.77,8.07,0.37,0,0,0,0
2022-02-25,10.63,7.37,5.43,0,0,0,0
2022-02-26,9.27,7.37,12.8,0,0,0,0
2022-02-27,10.6,5.77,0.1,0,0,0,0
2022-02-28,14.73,4.77,0.13,0,0,0,0
2022-03-01,10.67,4.07,9.7,0,0,0,0
2022-03-02,8.6,3.3,6.43,0,0,0,0
2022-03-03,6.63,3.27,9.47,0,0,0,0
2022-03-04,9.43,2.33,1.47,0,0,0,0
2022-03-05,9.77,1.9,0.03,0,0,0,0
2022-03-06,9.1,2.93,0.0,0,0,0,0
2022-03-07,10.77,2.13,0.0,0,0,0,0
2022-03-08,9.2,5.3,7.5,0,0,0,0
2022-03-09,5.33,2.9,14.13,0,0,0,0
2022-03-10,3.67,1.53,11.2,0,0,0,0
2022-03-11,2.8,0.23,19.23,0,0,0,0
2022-03-12,2.97,-2.17,0.7,1,0,0,0
2022-03-13,3.37,-2.53,5.0,1,0,0,0
2022-03-14,3.17,-1.0,5.5,1,0,0,0
2022-03-15,3.63,-0.2,4.63,1,0,0,0
2022-03-16,7.23,-0.07,11.07,1,0,0,0
2022-03-17,3.4,0.47,14.07,0,0,0,0
2022-03-18,1.83,-1.2,9.5,1,0,0,0
2022-03-19,2.47,-2.4,6.7,1,0,0,0
2022-03-20,5.47,-1.13,4.4,1,0,0,0
2022-03-21,5.03,2.53,6.87,0,0,0,0
2022-03-22,6.5,-0.9,1.43,1,0,0,0
2022-03-23,6.77,1.5,2.13,0,0,0,0
2022-03-24,7.97,1.17,1.63,0,0,0,0
2022-03-25,9.03,2.27,0.53,0,0,0,0
2022-03-26,9.37,2.57,0.77,0,0,0,0
2022-03-27,12.23,1.6,0.03,0,0,0,0
2022-03-28,9.8,3.57,0.5,0,0,0,0
2022-03-29,18.9,3.37,0.0,0,0,0,0
2022-03-30,17.73,8.53,0.03,0,0,0,0
2022-03-31,21.2,8.2,0.0,0,0,0,0
2022-04-01,25.77,14.57,0.0,0,0,0,0
2022-04-02,28.7,15.03,0.0,0,0,0,0
2022-04-03,21.27,10.4,0.0,0,0,0,0
2022-04-04,15.23,7.87,0.0,0,0,0,0
2022-04-05,11.83,6.8,0.67,0,0,0,0
2022-04-06,13.2,6.83,1.4,0,0,0,0
2022-04-07,14.67,8.47,0.33,0,0,0,0
2022-04-08,17.97,11.1,9.03,0,0,0,0
2022-04-09,17.8,10.67,1.6,0,0,0,0
2022-04-10,24.7,11.43,0.0,0,0,0,0
2022-04-11,25.33,11.43,3.77,0,0,0,0
2022-04-12,11.2,6.13,24.13,0,0,0,0
2022-04-13,10.47,3.77,2.27,0,0,0,0
2022-04-14,11.97,2.23,0.37,0,0,0,0
2022-04-15,12.2,6.97,0.1,0,0,0,0
2022-04-16,15.37,5.43,0.0,0,0,0,0
2022-04-17,21.03,8.4,0.0,0,0,0,0
2022-04-18,28.83,12.6,0.0,0,0,0,0
2022-04-19,15.37,8.07,6.47,0,0,0,0
2022-04-20,10.37,6.87,4.87,0,0,0,0
2022-04-21,16.93,6.3,2.37,0,0,0,0
2022-04-22,14.67,7.23,0.0,0,0,0,0
2022-04-23,19.13,9.07,0.0,0,0,0,0
2022-04-24,21.53,13.1,0.0,0,0,0,0
2022-04-25,22.27,11.77,0.0,0,0,0,0
2022-04-26,20.3,12.67,0.03,0,0,0,0
2022-04-27,17.8,11.9,0.0,0,0,0,0
2022-04-28,17.77,11.17,0.0,0,0,0,0
2022-04-29,16.47,11.63,0.0,0,0,0,0
2022-04-30,13.73,10.77,0.47,0,0,0,0
2022-05-01,13.5,10.4,10.7,0,0,0,0
2022-05-02,14.63,10.57,6.13,0,0,0,0
2022-05-03,14.67,9.13,0.37,0,0,0,0
2022-05-04,13.0,9.93,7.03,0,0,0,0
2022-05-05,12.3,10.23,19.3,0,0,0,0
2022-05-06,13.37,10.7,8.73,0,0,0,0
2022-05-07,12.47,10.27,5.33,0,0,0,0
2022-05-08,13.27,9.83,1.53,0,0,0,0
2022-05-09,13.07,9.2,0.77,0,0,0,0
2022-05-10,15.1,9.4,0.03,0,0,0,0
2022-05-11,15.8,7.43,0.0,0,0,0,0
2022-05-12,15.87,9.6,0.0,0,0,0,0
2022-05-13,18.47,8.0,0.0,0,0,0,0
2022-05-14,24.1,11.13,0.13,0,0,0,0
2022-05-15,20.07,13.5,1.43,0,0,0,0
2022-05-16,18.93,12.57,0.6,0,0,0,0
2022-05-17,19.43,10.2,0.0,0,0,0,0
2022-05-18,23.8,10.57,0.0,0,0,0,0
2022-05-19,16.53,10.1,8.23,0,0,0,0
2022-05-20,16.0,9.57,0.8,0,0,0,0
2022-05-21,19.5,7.77,0.0,0,0,0,0
2022-05-22,24.97,11.77,0.33,0,0,0,0
2022-05-23,19.07,12.5,3.2,0,0,0,0
2022-05-24,16.03,11.13,5.03,0,0,0,0
2022-05-25,17.67,9.5,0.0,0,0,0,0
2022-05-26,19.43,9.63,0.0,0,0,0,0
2022-05-27,21.07,13.4,0.27,0,0,0,0
2022-05-28,21.73,12.5,0.0,0,0,0,0
2022-05-29,23.03,15.0,0.0,0,0,0,0
2022-05-30,26.47,15.5,0.0,0,0,0,0
2022-05-31,25.57,18.7,0.0,0,0,0,0
2022-06-01,22.13,18.03,0.0,0,0,0,0
2022-06-02,21.2,17.4,0.17,0,0,0,0
2022-06-03,24.03,16.97,0.07,0,0,0,0
2022-06-04,21.67,16.93,0.4,0,0,0,0
2022-06-05,24.9,18.5,0.0,0,0,0,0
2022-06-06,21.5,18.17,1.37,0,0,0,0
2022-06-07,21.33,18.5,2.17,0,0,0,0
2022-06-08,22.9,17.37,1.0,0,0,0,0
2022-06-09,23.5,18.5,5.2,0,0,0,0
2022-06-10,24.2,17.67,0.0,0,0,0,0
2022-06-11,25.07,18.1,0.0,0,0,0,0
2022-06-12,25.5,18.8,0.13,0,0,0,0
2022-06-13,23.23,19.1,2.0,0,0,0,0
2022-06-14,23.87,18.27,7.13,0,0,0,0
2022-06-15,25.0,18.7,2.9,0,0,0,0
2022-06-16,22.77,17.47,1.53,0,0,0,0
2022-06-17,22.03,17.77,0.9,0,0,0,0
2022-06-18,22.3,18.47,0.0,0,0,0,0
2022-06-19,22.67,17.5,0.07,0,0,0,0
2022-06-20,24.1,17.7,0.3,0,0,0,0
2022-06-21,23.7,17.4,3.23,0,0,0,0
2022-06-22,25.63,19.13,13.57,0,0,0,0
2022-06-23,23.1,17.0,1.43,0,0,0,0
2022-06-24,21.4,15.13,4.17,0,0,0,0
2022-06-25,23.1,15.63,5.13,0,0,0,0
2022-06-26,20.93,17.07,7.73,0,0,0,0
2022-06-27,22.67,15.7,6.03,0,0,0,0
2022-06-28,22.33,16.73,2.3,0,0,0,0
2022-06-29,22.1,18.23,4.33,0,0,0,0
2022-06-30,22.4,18.87,2.17,0,0,0,0
2022-07-01,23.33,19.5,2.13,0,0,0,0
2022-07-02,25.5,18.9,3.37,0,0,0,0
2022-07-03,23.6,17.7,0.47,0,0,0,0
2022-07-04,23.37,16.1,0.0,0,0,0,0
2022-07-05,22.7,17.23,0.0,0,0,0,0
2022-07-06,23.2,17.43,0.2,0,0,0,0
2022-07-07,24.4,19.4,0.9,0,0,0,0
2022-07-08,26.4,19.6,0.1,0,0,0,0
2022-07-09,26.17,18.7,0.0,0,0,0,0
2022-07-10,25.1,20.07,2.63,0,0,0,0
2022-07-11,24.67,20.37,1.77,0,0,0,0
2022-07-12,23.5,19.67,3.7,0,0,0,0
2022-07-13,24.0,19.6,2.17,0,0,0,0
2022-07-14,22.93,19.17,4.67,0,0,0,0
2022-07-15,23.5,18.63,1.33,0,0,0,0
2022-07-16,24.6,19.9,4.0,0,0,0,0
2022-07-17,25.6,21.17,5.47,0,0,0,0
2022-07-18,24.2,20.93,17.63,0,0,0,0
2022-07-19,24.37,19.67,2.9,0,0,0,0
2022-07-20,24.03,18.9,1.4,0,0,0,0
2022-07-21,22.9,19.4,10.33,0,0,0,0
2022-07-22,24.3,17.9,1.6,0,0,0,0
2022-07-23,24.73,16.73,1.63,0,0,0,0
2022-07-24,23.57,17.57,1.6,0,0,0,0
2022-07-25,24.3,16.2,0.07,0,0,0,0
2022-07-26,24.4,16.77,0.0,0,0,0,0
2022-07-27,24.8,17.13,0.03,0,0,0,0
2022-07-28,24.77,17.37,0.0,0,0,0,0
2022-07-29,25.0,19.73,0.1,0,0,0,0
2022-07-30,24.8,19.73,0.27,0,0,0,0
2022-07-31,26.33,19.57,0.07,0,0,0,0
2022-08-01,26.93,20.4,0.0,0,0,1,0
2022-08-02,26.8,20.7,0.27,0,0,1,0
2022-08-03,25.67,22.57,2.4,0,0,1,0
2022-08-04,26.27,22.03,2.3,0,0,1,0
2022-08-05,26.27,22.27,4.03,0,0,1,0
2022-08-06,26.63,21.6,0.63,0,0,1,0
2022-08-07,26.03,21.17,2.57,0,0,1,0
2022-08-08,26.73,20.53,0.33,0,0,1,0
2022-08-09,26.4,21.1,1.1,0,0,1,0
2022-08-10,26.43,22.33,2.17,0,0,1,0
2022-08-11,27.9,21.63,1.0,0,0,1,0
2022-08-12,26.8,22.53,1.17,0,0,1,0
2022-08-13,26.47,23.13,3.43,0,0,1,0
2022-08-14,26.5,22.53,1.57,0,0,1,0
2022-08-15,27.67,22.4,1.2,0,0,1,0
2022-08-16,26.63,23.73,5.23,0,0,1,0
2022-08-17,25.87,23.37,12.27,0,0,1,0
2022-08-18,26.0,22.9,3.83,0,0,1,0
2022-08-19,25.83,22.27,2.87,0,0,1,0
2022-08-20,24.9,21.73,4.73,0,0,1,0
2022-08-21,26.27,20.7,0.5,0,0,1,0
2022-08-22,27.6,21.5,0.0,0,0,1,0
2022-08-23,28.2,22.0,0.03,0,0,1,0
2022-08-24,28.3,22.53,0.0,0,0,1,0
2022-08-25,28.23,22.67,0.3,0,0,1,0
2022-08-26,28.73,23.0,0.53,0,0,1,0
2022-08-27,28.2,24.0,1.97,0,0,1,0
2022-08-28,27.6,23.37,2.43,0,0,1,0
2022-08-29,27.2,22.93,8.57,0,0,1,0
2022-08-30,28.73,21.57,0.17,0,0,1,0
2022-08-31,28.87,23.33,0.37,0,0,1,0
2022-09-01,27.6,23.23,0.27,0,0,1,0
2022-09-02,28.37,23.9,0.73,0,0,1,0
2022-09-03,28.5,22.3,0.0,0,0,1,0
2022-09-04,26.23,22.6,12.1,0,0,1,0
2022-09-05,22.53,19.83,26.3,0,0,1,0
2022-09-06,21.17,17.5,6.57,0,0,1,0
2022-09-07,20.33,16.5,0.87,0,0,1,0
2022-09-08,21.63,15.13,0.07,0,0,1,0
2022-09-09,23.03,14.6,0.0,0,0,1,0
2022-09-10,23.63,14.1,0.0,0,0,1,0
2022-09-11,26.67,15.93,0.0,0,0,1,0
2022-09-12,25.5,18.4,0.23,0,0,1,0
2022-09-13,21.83,18.3,14.63,0,0,1,0
2022-09-14,21.5,16.63,6.23,0,0,1,0
2022-09-15,24.83,14.43,0.0,0,0,1,0
2022-09-16,30.47,17.4,0.0,0,0,1,0
2022-09-17,28.6,19.97,0.0,0,0,1,0
2022-09-18,33.93,20.67,0.0,0,0,1,0
2022-09-19,23.2,20.03,7.23,0,0,1,0
2022-09-20,22.87,18.9,3.73,0,0,1,0
2022-09-21,20.3,17.67,17.67,0,0,1,0
2022-09-22,20.17,17.07,13.13,0,0,1,0
2022-09-23,19.3,15.03,20.13,0,0,1,0
2022-09-24,17.63,12.77,14.8,0,0,1,0
2022-09-25,19.47,11.83,0.0,0,0,1,0
2022-09-26,24.33,12.17,0.0,0,0,1,0
2022-09-27,27.13,13.83,0.0,0,0,1,0
2022-09-28,25.5,17.33,0.0,0,0,1,0
2022-09-29,24.87,17.27,0.0,0,0,1,0
2022-09-30,26.23,16.77,0.0,0,0,1,0
2022-10-01,25.0,16.27,0.0,0,0,1,0
2022-10-02,27.67,15.33,4.07,0,0,1,0
2022-10-03,21.17,16.43,29.3,0,0,1,0
2022-10-04,19.97,15.8,26.87,0,0,1,0
2022-10-05,18.6,16.67,17.67,0,0,1,0
2022-10-06,18.67,15.93,21.93,0,0,1,0
2022-10-07,19.37,15.47,1.33,0,0,1,0
2022-10-08,19.63,16.1,2.13,0,0,1,0
2022-10-09,20.87,15.63,2.83,0,0,1,0
2022-10-10,21.17,15.37,0.87,0,0,1,0
2022-10-11,18.27,13.27,0.87,0,0,1,0
2022-10-12,18.73,12.17,0.17,0,0,1,0
2022-10-13,17.53,13.93,4.1,0,0,1,0
2022-10-14,17.97,13.7,2.33,0,0,1,0
2022-10-15,18.0,14.53,3.17,0,0,1,0
2022-10-16,19.33,14.0,0.6,0,0,1,0
2022-10-17,19.1,15.77,3.27,0,0,1,0
2022-10-18,19.3,16.37,2.63,0,0,1,0
2022-10-19,19.1,15.1,2.33,0,0,1,0
2022-10-20,18.27,13.93,14.73,0,0,1,0
2022-10-21,13.7,10.13,16.43,0,0,1,0
2022-10-22,14.73,8.53,0.53,0,0,1,0
2022-10-23,18.43,8.13,0.0,0,0,1,0
2022-10-24,18.13,13.23,2.37,0,0,1,0
2022-10-25,17.8,10.3,0.03,0,0,1,0
2022-10-26,21.03,9.8,0.0,0,0,1,0
2022-10-27,17.57,12.63,3.2,0,0,1,0
2022-10-28,16.0,11.77,1.77,0,0,1,0
2022-10-29,15.07,11.47,0.67,0,0,1,0
2022-10-30,16.43,9.03,0.0,0,0,1,0
2022-10-31,17.57,9.07,0.9,0,0,1,0
2022-11-01,14.93,11.3,10.2,0,0,0,0
2022-11-02,14.97,8.07,0.0,0,0,0,0
2022-11-03,18.2,8.57,1.2,0,0,0,0
2022-11-04,15.87,10.1,1.37,0,0,0,0
2022-11-05,17.97,9.23,0.0,0,0,0,0
2022-11-06,16.93,9.93,0.0,0,0,0,0
2022-11-07,16.47,10.17,0.07,0,0,0,0
2022-11-08,14.7,11.77,8.7,0,0,0,0
2022-11-09,13.13,11.47,3.1,0,0,0,0
2022-11-10,13.77,10.9,0.7,0,0,0,0
2022-11-11,15.03,10.83,1.17,0,0,0,0
2022-11-12,15.7,8.77,0.03,0,0,0,0
2022-11-13,15.2,9.07,0.17,0,0,0,0
2022-11-14,14.83,10.53,1.07,0,0,0,0
2022-11-15,14.87,8.47,0.03,0,0,0,0
2022-11-16,16.87,7.67,0.6,0,0,0,0
2022-11-17,18.57,10.23,0.0,0,0,0,0
2022-11-18,22.03,14.87,0.0,0,0,0,0
2022-11-19,23.67,16.27,0.1,0,0,0,0
2022-11-20,24.03,13.97,0.0,0,0,0,0
2022-11-21,23.27,15.2,0.0,0,0,0,0
2022-11-22,20.0,13.37,0.0,0,0,0,0
2022-11-23,18.47,10.53,0.0,0,0,0,0
2022-11-24,20.7,12.43,0.03,0,0,0,0
2022-11-25,19.23,12.57,2.37,0,0,0,0
2022-11-26,13.27,10.97,27.23,0,0,0,0
2022-11-27,12.8,8.97,0.77,0,0,0,0
2022-11-28,12.9,7.17,0.0,0,0,0,0
2022-11-29,14.83,6.2,0.0,0,0,0,0
2022-11-30,14.6,8.93,0.1,0,0,0,0
2022-12-01,15.77,8.2,0.0,0,0,0,0
2022-12-02,17.1,10.47,0.8,0,0,0,0
2022-12-03,14.6,9.03,2.57,0,0,0,0
2022-12-04,12.83,9.83,0.83,0,0,0,0
2022-12-05,12.63,7.8,0.57,0,0,0,0
2022-12-06,12.87,5.93,0.17,0,0,0,0
2022-12-07,13.1,5.63,0.0,0,0,0,0
2022-12-08,15.7,6.37,0.0,0,0,0,0
2022-12-09,17.67,8.63,0.0,0,0,0,0
2022-12-10,17.83,8.27,0.0,0,0,0,0
2022-12-11,19.63,12.63,0.17,0,0,0,0
2022-12-12,18.63,12.63,0.8,0,0,0,0
2022-12-13,19.43,11.23,0.07,0,0,0,0
2022-12-14,12.23,9.1,3.33,0,0,0,0
2022-12-15,16.07,9.4,1.0,0,0,0,0
2022-12-16,15.0,9.43,2.57,0,0,0,0
2022-12-17,18.87,8.53,0.0,0,0,0,0
2022-12-18,19.8,8.97,0.0,0,0,0,0
2022-12-19,12.67,6.2,15.0,0,0,0,0
2022-12-20,6.93,5.13,4.37,0,0,0,0
2022-12-21,9.27,3.7,0.0,0,0,0,0
2022-12-22,10.67,3.47,0.0,0,0,0,0
2022-12-23,11.93,4.0,0.0,0,0,0,0
2022-12-24,11.53,3.83,0.0,0,0,0,0
2022-12-25,12.1,3.1,0.0,0,0,0,0
2022-12-26,11.13,4.73,3.07,0,0,0,0
2022-12-27,11.67,4.93,0.07,0,0,0,0
2022-12-28,12.5,6.77,8.77,0,0,0,0
2022-12-29,9.57,3.83,2.3,0,0,0,0
2022-12-30,13.83,3.33,0.0,0,0,0,0
2022-12-31,13.77,3.37,0.0,0,0,0,0
2023-01-01,13.4,2.3,0.0,0,0,0,0
2023-01-02,11.97,2.77,0.0,0,0,0,0
2023-01-03,13.23,3.33,0.0,0,0,0,0
2023-01-04,12.43,3.83,0.0,0,0,0,0
2023-01-05,10.27,3.5,3.6,0,0,0,0
2023-01-06,14.23,3.67,1.5,0,0,0,0
2023-01-07,9.0,4.7,5.17,0,0,0,0
2023-01-08,6.27,3.77,7.27,0,0,0,0
2023-01-09,7.33,0.23,0.83,0,0,0,0
2023-01-10,10.5,-0.17,0.0,1,0,0,0
2023-01-11,13.9,2.9,0.0,0,0,0,0
2023-01-12,14.17,5.3,0.0,0,0,0,0
2023-01-13,13.7,4.63,0.0,0,0,0,0
2023-01-14,12.73,4.67,0.0,0,0,0,0
2023-01-15,10.57,4.0,0.0,0,0,0,0
2023-01-16,10.97,3.13,0.03,0,0,0,0
2023-01-17,16.93,7.03,0.0,0,0,0,0
2023-01-18,18.6,9.83,0.0,0,0,0,0
2023-01-19,18.07,7.87,0.0,0,0,0,0
2023-01-20,18.33,7.67,0.0,0,0,0,0
2023-01-21,16.9,6.27,0.0,0,0,0,0
2023-01-22,12.77,4.43,0.0,0,0,0,0
2023-01-23,9.97,4.37,0.0,0,0,0,0
2023-01-24,9.23,4.8,0.43,0,0,0,0
2023-01-25,9.27,4.8,0.43,0,0,0,0
2023-01-26,9.67,2.5,0.07,0,0,0,0
2023-01-27,14.67,2.33,0.0,0,0,0,0
2023-01-28,14.67,6.33,2.2,0,0,0,0
2023-01-29,9.7,6.07,2.97,0,0,0,0
2023-01-30,7.67,5.57,4.23,0,0,0,0
2023-01-31,9.0,3.53,1.03,0,0,0,0
2023-02-01,7.5,3.43,9.3,0,0,0,0
2023-02-02,7.37,0.1,7.13,0,0,0,0
2023-02-03,10.8,0.27,0.07,0,0,0,0
2023-02-04,8.53,2.33,0.07,0,0,0,0
2023-02-05,9.47,1.53,0.0,0,0,0,0
2023-02-06,5.77,2.43,19.13,0,0,0,0
2023-02-07,4.53,1.9,10.4,0,0,0,0
2023-02-08,5.8,0.3,1.63,0,0,0,0
2023-02-09,6.93,-1.4,0.07,1,0,0,0
2023-02-10,6.4,-0.9,1.4,1,0,0,0
2023-02-11,4.9,2.53,4.13,0,0,0,0
2023-02-12,6.67,0.47,0.13,0,0,0,0
2023-02-13,4.2,-0.27,8.43,1,0,0,0
2023-02-14,6.43,-3.07,0.0,1,0,0,0
2023-02-15,7.37,1.4,7.93,0,0,0,0
2023-02-16,3.7,0.47,14.23,0,0,0,0
2023-02-17,8.77,-0.87,0.6,1,0,0,0
2023-02-18,13.7,1.6,0.3,0,0,0,0
2023-02-19,14.27,7.37,6.43,0,0,0,0
2023-02-20,15.8,5.87,8.2,0,0,0,0
2023-02-21,13.13,2.83,0.7,0,0,0,0
2023-02-22,14.4,7.87,0.0,0,0,0,0
2023-02-23,7.67,4.57,9.1,0,0,0,0
2023-02-24,8.93,2.67,0.1,0,0,0,0
2023-02-25,17.67,2.7,0.0,0,0,0,0
2023-02-26,19.73,11.23,0.0,0,0,0,0
2023-02-27,21.6,10.43,0.0,0,0,0,0
2023-02-28,21.0,9.47,0.0,0,0,0,0
2023-03-01,13.4,7.5,0.23,0,0,0,0
2023-03-02,9.8,6.37,2.73,0,0,0,0
2023-03-03,10.37,5.27,4.77,0,0,0,0
2023-03-04,11.07,5.87,0.47,0,0,0,0
2023-03-05,15.8,7.37,8.4,0,0,0,0
2023-03-06,15.13,7.77,6.8,0,0,0,0
2023-03-07,13.83,4.5,0.0,0,0,0,0
2023-03-08,18.2,7.57,0.0,0,0,0,0
2023-03-09,17.4,8.03,0.0,0,0,0,0
2023-03-10,17.2,8.73,0.5,0,0,0,0
2023-03-11,23.2,11.57,0.0,0,0,0,0
2023-03-12,22.97,11.5,1.5,0,0,0,0
2023-03-13,11.03,5.77,15.23,0,0,0,0
2023-03-14,6.83,3.97,4.97,0,0,0,0
2023-03-15,9.97,4.8,1.23,0,0,0,0
2023-03-16,17.97,9.03,1.1,0,0,0,0
2023-03-17,11.57,7.8,0.63,0,0,0,0
2023-03-18,10.1,6.57,0.27,0,0,0,0
2023-03-19,9.97,6.93,5.9,0,0,0,0
2023-03-20,9.33,7.13,17.43,0,0,0,0
2023-03-21,10.0,6.67,2.37,0,0,0,0
2023-03-22,13.0,4.7,0.0,0,0,0,0
2023-03-23,11.07,7.03,5.53,0,0,0,0
2023-03-24,11.0,7.07,3.1,0,0,0,0
2023-03-25,11.37,6.4,0.37,0,0,0,0
2023-03-26,17.7,7.77,1.23,0,0,0,0
2023-03-27,14.1,8.3,1.43,0,0,0,0
2023-03-28,23.47,7.93,9.37,0,0,0,0
2023-03-29,12.0,3.97,29.6,0,0,0,0
2023-03-30,5.87,1.97,7.3,0,0,0,0
2023-03-31,6.93,-0.1,0.9,1,0,0,0
2023-04-01,13.6,-1.17,0.0,1,1,0,0
2023-04-02,20.33,8.57,0.23,0,0,0,0
2023-04-03,16.6,9.97,0.47,0,0,0,0
2023-04-04,24.17,9.83,0.0,0,0,0,0
2023-04-05,21.1,11.63,2.37,0,0,0,0
2023-04-06,11.3,7.67,8.37,0,0,0,0
2023-04-07,11.63,6.7,6.2,0,0,0,0
2023-04-08,12.4,7.1,13.97,0,0,0,0
2023-04-09,14.27,5.77,0.5,0,0,0,0
2023-04-10,14.23,8.47,1.83,0,0,0,0
2023-04-11,16.57,8.63,8.5,0,0,0,0
2023-04-12,12.47,8.1,7.9,0,0,0,0
2023-04-13,13.77,8.73,9.0,0,0,0,0
2023-04-14,17.6,7.73,0.5,0,0,0,0
2023-04-15,22.0,10.8,0.0,0,0,0,0
2023-04-16,18.47,11.53,0.0,0,0,0,0
2023-04-17,22.37,11.63,1.27,0,0,0,0
2023-04-18,23.37,13.57,0.1,0,0,0,0
2023-04-19,23.93,13.47,0.23,0,0,0,0
2023-04-20,14.67,10.7,19.7,0,0,0,0
2023-04-21,16.47,10.83,3.7,0,0,0,0
2023-04-22,14.97,8.7,0.77,0,0,0,0
2023-04-23,13.53,9.17,5.1,0,0,0,0
2023-04-24,12.3,9.63,4.83,0,0,0,0
2023-04-25,17.2,7.57,0.0,0,0,0,0
2023-04-26,22.23,10.33,0.13,0,0,0,0
2023-04-27,21.83,13.2,0.4,0,0,0,0
2023-04-28,14.07,10.7,12.33,0,0,0,0
2023-04-29,11.57,8.77,13.63,0,0,0,0
2023-04-30,13.97,9.5,1.93,0,0,0,0
2023-05-01,14.43,7.9,0.33,0,0,0,0
2023-05-02,13.8,7.37,0.8,0,0,0,0
2023-05-03,14.97,6.77,0.1,0,0,0,0
2023-05-04,18.23,6.87,0.0,0,0,0,0
2023-05-05,17.57,10.67,0.0,0,0,0,0
2023-05-06,16.53,10.73,4.1,0,0,0,0
2023-05-07,15.3,10.63,9.4,0,0,0,0
2023-05-08,15.43,11.53,3.77,0,0,0,0
2023-05-09,15.3,10.0,0.57,0,0,0,0
2023-05-10,13.9,11.03,5.77,0,0,0,0
2023-05-11,13.5,11.73,11.0,0,0,0,0
2023-05-12,12.83,10.67,7.93,0,0,0,0
2023-05-13,14.2,10.4,4.1,0,0,0,0
2023-05-14,17.43,11.57,0.3,0,0,0,0
2023-05-15,17.57,9.1,0.0,0,0,0,0
2023-05-16,18.03,9.2,0.0,0,0,0,0
2023-05-17,18.23,11.23,0.0,0,0,0,0
2023-05-18,19.47,11.73,1.37,0,0,0,0
2023-05-19,17.6,12.53,0.13,0,0,0,0
2023-05-20,16.63,11.7,4.67,0,0,0,0
2023-05-21,17.6,11.7,0.4,0,0,0,0
2023-05-22,19.63,12.2,1.87,0,0,0,0
2023-05-23,20.77,13.87,0.57,0,0,0,0
2023-05-24,19.67,13.27,0.07,0,0,0,0
2023-05-25,18.57,14.27,2.2,0,0,0,0
2023-05-26,21.0,13.57,1.33,0,0,0,0
2023-05-27,19.63,13.27,0.0,0,0,0,0
2023-05-28,21.83,15.03,1.5,0,0,0,0
2023-05-29,22.63,16.87,0.57,0,0,0,0
2023-05-30,23.53,15.9,0.0,0,0,0,0
2023-05-31,20.87,15.43,1.83,0,0,0,0
2023-06-01,20.4,15.9,1.4,0,0,0,0
2023-06-02,21.0,15.83,0.23,0,0,0,0
2023-06-03,25.87,17.0,0.47,0,0,0,0
2023-06-04,21.33,17.13,4.33,0,0,0,0
2023-06-05,21.13,16.53,9.07,0,0,0,0
2023-06-06,21.37,16.43,5.37,0,0,0,0
2023-06-07,20.63,15.47,0.03,0,0,0,0
2023-06-08,21.43,14.1,0.27,0,0,0,0
2023-06-09,22.13,17.6,1.67,0,0,0,0
2023-06-10,20.7,17.6,1.33,0,0,0,0
2023-06-11,22.43,16.23,0.0,0,0,0,0
2023-06-12,21.57,17.87,2.0,0,0,0,0
2023-06-13,21.6,17.9,3.2,0,0,0,0
2023-06-14,20.63,17.63,16.47,0,0,0,0
2023-06-15,22.0,18.3,21.47,0,0,0,0
2023-06-16,22.43,16.5,0.07,0,0,0,0
2023-06-17,23.87,16.33,0.53,0,0,0,0
2023-06-18,22.57,18.83,3.07,0,0,0,0
2023-06-19,22.53,17.87,1.97,0,0,0,0
2023-06-20,23.03,18.23,17.47,0,0,0,0
2023-06-21,23.53,17.9,3.4,0,0,0,0
2023-06-22,22.63,18.17,32.27,0,0,0,0
2023-06-23,23.0,17.77,14.2,0,0,0,0
2023-06-24,22.87,16.37,0.0,0,0,0,0
2023-06-25,23.93,16.5,0.0,0,0,0,0
2023-06-26,23.47,17.53,0.07,0,0,0,0
2023-06-27,24.2,18.5,0.87,0,0,0,0
2023-06-28,24.17,18.43,0.07,0,0,0,0
2023-06-29,24.43,18.07,0.83,0,0,0,0
2023-06-30,21.13,16.93,15.9,0,0,0,0
2023-07-01,23.83,15.23,0.1,0,0,0,0
2023-07-02,25.13,15.03,0.0,0,0,0,0
2023-07-03,26.77,16.8,0.0,0,0,0,0
2023-07-04,24.97,18.27,0.0,0,0,0,0
2023-07-05,25.43,17.93,0.0,0,0,0,0
2023-07-06,26.17,19.17,0.0,0,0,0,0
2023-07-07,26.63,20.93,2.53,0,0,0,0
2023-07-08,26.63,21.53,20.47,0,0,0,0
2023-07-09,25.73,20.6,30.37,0,0,0,0
2023-07-10,22.37,18.7,19.83,0,0,0,0
2023-07-11,24.7,17.5,1.23,0,0,0,0
2023-07-12,26.87,15.47,0.0,0,0,0,0
2023-07-13,26.33,17.8,0.0,0,0,0,0
2023-07-14,26.03,17.27,0.0,0,0,0,0
2023-07-15,26.2,18.1,0.5,0,0,0,0
2023-07-16,25.07,19.47,2.73,0,0,0,0
2023-07-17,24.97,17.57,1.93,0,0,0,0
2023-07-18,24.43,15.5,0.0,0,0,0,0
2023-07-19,24.43,17.23,0.03,0,0,0,0
2023-07-20,24.97,16.4,0.0,0,0,0,0
2023-07-21,26.03,18.37,0.0,0,0,0,0
2023-07-22,25.93,19.3,0.0,0,0,0,0
2023-07-23,27.3,19.7,0.0,0,0,0,0
2023-07-24,26.07,20.23,11.57,0,0,0,0
2023-07-25,25.53,19.9,1.97,0,0,0,0
2023-07-26,26.5,18.37,0.0,0,0,0,0
2023-07-27,32.33,19.9,0.0,0,0,0,0
2023-07-28,25.2,20.63,9.0,0,0,0,0
2023-07-29,24.1,18.3,0.4,0,0,0,0
2023-07-30,23.77,19.83,3.03,0,0,0,0
2023-07-31,24.7,19.8,0.3,0,0,0,0
2023-08-01,26.63,18.5,0.0,0,0,1,0
2023-08-02,26.8,20.4,0.5,0,0,1,0
2023-08-03,26.6,20.7,0.27,0,0,1,0
2023-08-04,26.5,20.83,0.23,0,0,1,0
2023-08-05,27.33,20.13,0.1,0,0,1,0
2023-08-06,31.63,21.37,0.0,0,0,1,0
2023-08-07,31.07,24.37,0.1,0,0,1,0
2023-08-08,27.93,23.5,1.7,0,0,1,0
2023-08-09,26.33,23.73,5.07,0,0,1,0
2023-08-10,27.63,23.83,6.17,0,0,1,0
2023-08-11,26.9,23.17,10.4,0,0,1,0
2023-08-12,25.57,23.47,17.8,0,0,1,0
2023-08-13,26.83,22.7,2.17,0,0,1,0
2023-08-14,27.9,21.73,0.03,0,0,1,0
2023-08-15,27.97,21.3,0.0,0,0,1,0
2023-08-16,28.17,21.03,0.0,0,0,1,0
2023-08-17,28.27,21.33,0.1,0,0,1,0
2023-08-18,28.57,22.57,0.03,0,0,1,0
2023-08-19,28.7,22.37,0.7,0,0,1,0
2023-08-20,27.77,21.03,0.33,0,0,1,0
2023-08-21,27.93,21.93,1.2,0,0,1,0
2023-08-22,29.4,21.53,0.37,0,0,1,0
2023-08-23,28.33,20.77,0.07,0,0,1,0
2023-08-24,27.53,20.27,1.87,0,0,1,0
2023-08-25,27.93,20.8,0.97,0,0,1,0
2023-08-26,27.77,19.0,0.0,0,0,1,0
2023-08-27,26.97,18.7,0.3,0,0,1,0
2023-08-28,26.37,21.23,0.5,0,0,1,0
2023-08-29,28.2,21.87,5.53,0,0,1,0
2023-08-30,30.17,20.03,0.0,0,0,1,0
2023-08-31,31.87,21.87,0.0,0,0,1,0
2023-09-01,28.63,21.67,0.33,0,0,1,0
2023-09-02,27.77,23.3,4.9,0,0,1,0
2023-09-03,26.2,22.43,12.6,0,0,1,0
2023-09-04,26.67,21.3,3.1,0,0,1,0
2023-09-05,26.97,20.5,1.33,0,0,1,0
2023-09-06,25.53,22.6,5.57,0,0,1,0
2023-09-07,26.2,21.1,3.6,0,0,1,0
2023-09-08,26.47,20.3,0.6,0,0,1,0
2023-09-09,24.97,18.17,0.03,0,0,1,0
2023-09-10,22.23,16.43,1.8,0,0,1,0
2023-09-11,22.03,15.43,0.2,0,0,1,0
2023-09-12,22.5,15.17,0.83,0,0,1,0
2023-09-13,23.13,15.37,0.77,0,0,1,0
2023-09-14,22.6,13.9,0.0,0,0,1,0
2023-09-15,23.03,15.37,0.0,0,0,1,0
2023-09-16,22.7,17.2,0.83,0,0,1,0
2023-09-17,23.43,16.4,1.5,0,0,1,0
2023-09-18,23.4,16.23,0.7,0,0,1,0
2023-09-19,23.0,14.63,0.5,0,0,1,0
2023-09-20,24.03,18.13,0.2,0,0,1,0
2023-09-21,23.7,18.23,0.6,0,0,1,0
2023-09-22,24.9,17.0,0.0,0,0,1,0
2023-09-23,24.43,18.17,0.0,0,0,1,0
2023-09-24,24.67,17.23,0.0,0,0,1,0
2023-09-25,23.93,17.93,0.3,0,0,1,0
2023-09-26,24.0,17.1,0.03,0,0,1,0
2023-09-27,24.17,17.63,0.33,0,0,1,0
2023-09-28,26.2,17.67,0.0,0,0,1,0
2023-09-29,25.33,17.8,0.0,0,0,1,0
2023-09-30,24.8,18.6,0.17,0,0,1,0
2023-10-01,24.5,18.57,10.5,0,0,1,0
2023-10-02,21.13,18.13,40.57,0,0,1,0
2023-10-03,20.1,16.5,16.3,0,0,1,0
2023-10-04,20.27,13.87,0.5,0,0,1,0
2023-10-05,21.37,12.27,0.03,0,0,1,0
2023-10-06,21.27,12.07,0.0,0,0,1,0
2023-10-07,20.57,13.4,0.3,0,0,1,0
2023-10-08,23.77,12.83,0.0,0,0,1,0
2023-10-09,21.83,12.93,17.9,0,0,1,0
2023-10-10,17.8,11.0,0.03,0,0,1,0
2023-10-11,17.2,11.27,5.63,0,0,1,0
2023-10-12,16.8,11.9,0.8,0,0,1,0
2023-10-13,19.63,9.73,0.0,0,0,1,0
2023-10-14,19.27,10.2,0.0,0,0,1,0
2023-10-15,22.03,11.47,0.07,0,0,1,0
2023-10-16,22.13,15.1,4.17,0,0,1,0
2023-10-17,16.17,11.87,12.4,0,0,1,0
2023-10-18,15.73,11.13,9.7,0,0,1,0
2023-10-19,16.3,11.77,18.13,0,0,1,0
2023-10-20,21.33,10.33,0.0,0,0,1,0
2023-10-21,25.83,14.93,0.0,0,0,1,0
2023-10-22,25.07,15.2,0.0,0,0,1,0
2023-10-23,24.87,14.6,0.0,0,0,1,0
2023-10-24,23.6,15.33,0.33,0,0,1,0
2023-10-25,22.13,13.67,0.0,0,0,1,0
2023-10-26,25.8,18.17,0.0,0,0,1,0
2023-10-27,26.33,18.77,0.0,0,0,1,0
2023-10-28,28.0,17.6,0.0,0,0,1,0
2023-10-29,21.9,15.37,0.0,0,0,1,0
2023-10-30,21.37,15.0,0.0,0,0,1,0
2023-10-31,21.93,14.17,0.0,0,0,1,0
2023-11-01,26.47,15.73,0.0,0,0,0,0
2023-11-02,21.0,15.67,0.53,0,0,0,0
2023-11-03,25.33,15.03,2.97,0,0,0,0
2023-11-04,25.13,14.43,0.0,0,0,0,0
2023-11-05,28.77,16.37,0.0,0,0,0,0
2023-11-06,26.7,16.53,1.27,0,0,0,0
2023-11-07,22.47,13.73,0.37,0,0,0,0
2023-11-08,21.6,11.57,0.0,0,0,0,0
2023-11-09,22.7,14.0,9.47,0,0,0,0
2023-11-10,16.53,11.23,8.17,0,0,0,0
2023-11-11,23.47,11.07,0.0,0,0,0,0
2023-11-12,28.17,16.0,0.0,0,0,0,0
2023-11-13,18.8,14.17,0.0,0,0,0,0
2023-11-14,20.83,11.6,17.6,0,0,0,0
2023-11-15,19.5,9.77,0.0,0,0,0,0
2023-11-16,19.8,12.83,20.13,0,0,0,0
2023-11-17,14.97,9.93,1.2,0,0,0,0
2023-11-18,19.9,8.83,0.23,0,0,0,0
2023-11-19,17.87,11.33,14.2,0,0,0,0
2023-11-20,12.8,8.17,5.0,0,0,0,0
2023-11-21,13.6,7.07,4.77,0,0,0,0
2023-11-22,18.0,6.63,0.0,0,0,0,0
2023-11-23,16.8,11.2,4.87,0,0,0,0
2023-11-24,20.03,9.97,0.27,0,0,0,0
2023-11-25,20.67,15.17,0.2,0,0,0,0
2023-11-26,22.5,11.4,15.0,0,0,0,0
2023-11-27,11.17,4.4,19.53,0,0,0,0
2023-11-28,11.37,2.73,0.07,0,0,0,0
2023-11-29,18.6,5.37,0.03,0,0,0,0
2023-11-30,16.67,8.37,3.97,0,0,0,0
2023-12-01,20.5,8.57,0.0,0,0,0,0
2023-12-02,21.33,12.53,0.0,0,0,0,0
2023-12-03,22.43,12.77,0.0,0,0,0,0
2023-12-04,19.6,11.43,0.0,0,0,0,0
2023-12-05,13.0,10.43,4.0,0,0,0,0
2023-12-06,13.07,9.5,2.53,0,0,0,0
2023-12-07,16.67,9.13,0.0,0,0,0,0
2023-12-08,18.23,10.9,0.33,0,0,0,0
2023-12-09,16.23,12.4,2.2,0,0,0,0
2023-12-10,15.13,9.97,0.17,0,0,0,0
2023-12-11,15.47,7.9,0.17,0,0,0,0
2023-12-12,13.93,10.03,7.23,0,0,0,0
2023-12-13,12.17,7.63,4.7,0,0,0,0
2023-12-14,14.23,5.47,0.0,0,0,0,0
2023-12-15,20.6,9.67,0.0,0,0,0,0
2023-12-16,13.3,10.0,1.67,0,0,0,0
2023-12-17,10.2,4.83,17.9,0,0,0,0
2023-12-18,9.63,2.47,0.0,0,0,0,0
2023-12-19,10.97,4.9,0.03,0,0,0,0
2023-12-20,14.17,6.83,0.0,0,0,0,0
2023-12-21,17.1,9.57,0.13,0,0,0,0
2023-12-22,14.7,10.33,0.43,0,0,0,0
2023-12-23,14.63,7.9,9.43,0,0,0,0
2023-12-24,10.33,2.2,16.7,0,0,0,0
2023-12-25,15.97,3.93,0.7,0,0,0,0
2023-12-26,20.83,10.47,0.0,0,0,0,0
2023-12-27,18.13,10.17,0.03,0,0,0,0
2023-12-28,12.93,6.23,0.3,0,0,0,0
2023-12-29,14.7,4.23,0.0,0,0,0,0
2023-12-30,14.8,5.37,0.0,0,0,0,0
2023-12-31,14.27,5.2,0.0,0,0,0,0
2024-01-01,13.63,4.87,0.0,0,0,0,0
2024-01-02,16.17,8.17,1.13,0,0,0,0
2024-01-03,12.53,9.03,4.6,0,0,0,0
2024-01-04,15.73,9.23,2.5,0,0,0,0
2024-01-05,13.7,8.1,17.87,0,0,0,0
2024-01-06,14.4,5.5,0.03,0,0,0,0
2024-01-07,18.77,8.23,0.0,0,0,0,0
2024-01-08,18.6,10.83,3.5,0,0,0,0
2024-01-09,13.77,8.87,22.0,0,0,0,0
2024-01-10,9.0,5.83,4.73,0,0,0,0
2024-01-11,7.0,3.8,0.67,0,0,0,0
2024-01-12,7.3,2.43,3.53,0,0,0,0
2024-01-13,4.93,0.17,7.27,0,0,0,0
2024-01-14,5.57,-1.73,0.0,1,0,0,0
2024-01-15,11.13,0.1,0.0,0,0,0,0
2024-01-16,16.8,8.7,1.33,0,0,0,0
2024-01-17,10.83,5.6,7.23,0,0,0,0
2024-01-18,16.1,4.87,0.0,0,0,0,0
2024-01-19,18.97,9.8,0.7,0,0,0,0
2024-01-20,19.4,11.83,2.57,0,0,0,0
2024-01-21,13.77,4.17,13.37,0,0,0,0
2024-01-22,6.23,3.1,5.43,0,0,0,0
2024-01-23,5.83,1.0,0.53,0,0,0,0
2024-01-24,7.1,1.07,0.17,0,0,0,0
2024-01-25,7.47,-0.13,0.0,1,0,0,0
2024-01-26,9.23,1.97,1.0,0,0,0,0
2024-01-27,8.43,2.97,9.03,0,0,0,0
2024-01-28,8.03,0.33,0.4,0,0,0,0
2024-01-29,7.23,1.8,1.97,0,0,0,0
2024-01-30,6.83,-0.13,0.53,1,0,0,0
2024-01-31,7.5,0.17,0.0,0,0,0,0
2024-02-01,7.77,1.43,0.33,0,0,0,0
2024-02-02,8.67,1.43,0.0,0,0,0,0
2024-02-03,8.2,3.0,2.17,0,0,0,0
2024-02-04,9.67,2.27,0.0,0,0,0,0
2024-02-05,13.57,5.43,1.27,0,0,0,0
2024-02-06,14.37,6.9,6.9,0,0,0,0
2024-02-07,20.43,6.83,0.0,0,0,0,0
2024-02-08,18.5,10.63,0.0,0,0,0,0
2024-02-09,19.87,10.13,0.0,0,0,0,0
2024-02-10,19.5,9.9,0.0,0,0,0,0
2024-02-11,19.77,11.97,0.0,0,0,0,0
2024-02-12,21.1,11.63,0.0,0,0,0,0
2024-02-13,19.4,12.9,0.0,0,0,0,0
2024-02-14,18.07,10.23,2.97,0,0,0,0
2024-02-15,11.97,8.53,1.97,0,0,0,0
2024-02-16,11.33,8.67,1.57,0,0,0,0
2024-02-17,9.83,8.0,4.67,0,0,0,0
2024-02-18,8.73,6.9,3.2,0,0,0,0
2024-02-19,8.63,6.13,2.93,0,0,0,0
2024-02-20,9.17,4.27,0.87,0,0,0,0
2024-02-21,10.13,3.47,0.3,0,0,0,0
2024-02-22,9.1,3.87,7.57,0,0,0,0
2024-02-23,11.83,3.2,0.03,0,0,0,0
2024-02-24,13.97,3.93,0.0,0,0,0,0
2024-02-25,12.57,3.6,0.0,0,0,0,0
2024-02-26,15.63,3.2,0.0,0,0,0,0
2024-02-27,15.57,5.4,0.0,0,0,0,0
2024-02-28,11.73,3.07,0.0,0,0,0,0
2024-02-29,13.33,2.07,0.0,0,0,0,0
2024-03-01,13.23,3.53,0.0,0,0,0,0
2024-03-02,15.33,5.7,0.0,0,0,0,0
2024-03-03,13.3,7.43,0.0,0,0,0,0
2024-03-04,12.63,7.17,0.43,0,0,0,0
2024-03-05,15.0,5.03,0.0,0,0,0,0
2024-03-06,16.53,9.57,9.93,0,0,0,0
2024-03-07,11.6,7.6,5.47,0,0,0,0
2024-03-08,10.5,5.47,1.3,0,0,0,0
2024-03-09,9.17,5.3,9.97,0,0,0,0
2024-03-10,8.9,3.93,1.23,0,0,0,0
2024-03-11,12.77,2.33,0.0,0,0,0,0
2024-03-12,15.7,4.5,0.0,0,0,0,0
2024-03-13,20.17,10.77,0.0,0,0,0,0
2024-03-14,13.67,8.9,3.67,0,0,0,0
2024-03-15,12.43,7.4,0.97,0,0,0,0
2024-03-16,12.07,8.77,4.37,0,0,0,0
2024-03-17,11.83,7.53,1.83,0,0,0,0
2024-03-18,11.4,6.53,0.47,0,0,0,0
2024-03-19,9.37,7.5,7.67,0,0,0,0
2024-03-20,12.17,6.33,0.2,0,0,0,0
2024-03-21,8.97,4.87,9.67,0,0,0,0
2024-03-22,7.9,4.03,11.93,0,0,0,0
2024-03-23,10.0,1.33,1.57,0,0,0,0
2024-03-24,11.5,3.37,0.1,0,0,0,0
2024-03-25,16.7,4.5,0.03,0,0,0,0
2024-03-26,14.47,6.63,16.8,0,0,0,0
2024-03-27,13.1,4.07,0.03,0,0,0,0
2024-03-28,19.8,8.23,0.0,0,0,0,0
2024-03-29,19.4,12.8,0.63,0,0,0,0
2024-03-30,18.9,11.13,0.0,0,0,0,0
2024-03-31,21.13,9.83,0.0,0,0,0,0
2024-04-01,21.63,12.03,0.0,0,0,0,0
2024-04-02,24.6,11.83,0.0,0,0,0,0
2024-04-03,23.97,12.07,0.0,0,0,0,0
2024-04-04,16.63,9.33,0.0,0,0,0,0
2024-04-05,13.87,8.9,5.43,0,0,0,0
2024-04-06,14.0,7.53,0.0,0,0,0,0
2024-04-07,13.13,6.77,0.63,0,0,0,0
2024-04-08,14.47,8.77,0.03,0,0,0,0
2024-04-09,14.9,9.13,0.03,0,0,0,0
2024-04-10,14.57,9.67,1.67,0,0,0,0
2024-04-11,15.73,11.5,0.57,0,0,0,0
2024-04-12,16.0,11.67,0.6,0,0,0,0
2024-04-13,15.73,11.23,0.43,0,0,0,0
2024-04-14,15.7,10.9,3.3,0,0,0,0
2024-04-15,18.67,10.03,0.0,0,0,0,0
2024-04-16,23.63,9.9,0.0,0,0,0,0
2024-04-17,28.63,15.97,0.0,0,0,0,0
2024-04-18,29.2,17.97,1.07,0,0,0,0
2024-04-19,18.6,12.83,0.17,0,0,0,0
2024-04-20,21.57,11.33,0.0,0,0,0,0
2024-04-21,21.13,13.07,0.0,0,0,0,0
2024-04-22,20.07,10.33,0.0,0,0,0,0
2024-04-23,20.2,11.9,0.0,0,0,0,0
2024-04-24,29.13,15.57,0.0,0,0,0,0
2024-04-25,31.23,20.47,0.0,0,0,0,0
2024-04-26,27.83,17.03,0.23,0,0,0,0
2024-04-27,18.6,14.67,0.03,0,0,0,0
2024-04-28,17.83,13.6,0.03,0,0,0,0
2024-04-29,17.43,13.27,0.93,0,0,0,0
2024-04-30,16.9,14.0,1.77,0,0,0,0
2024-05-01,17.57,13.87,1.3,0,0,0,0
2024-05-02,16.1,13.6,7.17,0,0,0,0
2024-05-03,16.3,13.03,8.47,0,0,0,0
2024-05-04,17.53,13.13,12.3,0,0,0,0
2024-05-05,15.37,11.2,12.13,0,0,0,0
2024-05-06,13.17,10.77,5.47,0,0,0,0
2024-05-07,16.07,10.43,1.6,0,0,0,0
2024-05-08,18.93,9.1,0.0,0,0,0,0
2024-05-09,19.03,9.83,0.0,0,0,0,0
2024-05-10,18.17,12.2,0.03,0,0,0,0
2024-05-11,18.67,13.13,1.6,0,0,0,0
2024-05-12,17.63,12.63,9.47,0,0,0,0
2024-05-13,17.0,10.83,1.03,0,0,0,0
2024-05-14,13.43,9.47,4.33,0,0,0,0
2024-05-15,16.67,7.5,0.0,0,0,0,0
2024-05-16,14.77,9.9,5.3,0,0,0,0
2024-05-17,16.03,9.17,0.0,0,0,0,0
2024-05-18,17.1,9.13,0.5,0,0,0,0
2024-05-19,16.63,11.57,0.93,0,0,0,0
2024-05-20,17.8,11.2,0.0,0,0,0,0
2024-05-21,17.93,10.97,0.0,0,0,0,0
2024-05-22,19.83,10.83,0.0,0,0,0,0
2024-05-23,21.83,12.93,1.63,0,0,0,0
2024-05-24,18.97,14.8,4.7,0,0,0,0
2024-05-25,19.7,15.7,2.9,0,0,0,0
2024-05-26,20.1,15.07,5.43,0,0,0,0
2024-05-27,19.2,14.47,4.23,0,0,0,0
2024-05-28,19.97,15.67,1.73,0,0,0,0
2024-05-29,21.47,15.63,0.3,0,0,0,0
2024-05-30,21.73,14.87,1.5,0,0,0,0
2024-05-31,21.9,16.97,2.6,0,0,0,0
2024-06-01,24.23,16.73,1.83,0,0,0,0
2024-06-02,25.07,15.3,0.0,0,0,0,0
2024-06-03,25.57,15.9,0.0,0,0,0,0
2024-06-04,25.93,15.97,0.0,0,0,0,0
2024-06-05,29.9,18.03,0.0,0,0,0,0
2024-06-06,26.1,19.6,0.0,0,0,0,0
2024-06-07,25.0,18.83,0.0,0,0,0,0
2024-06-08,24.7,18.8,0.33,0,0,0,0
2024-06-09,25.07,19.23,6.27,0,0,0,0
2024-06-10,26.23,18.27,0.27,0,0,0,0
2024-06-11,27.27,16.27,0.0,0,0,0,0
2024-06-12,29.97,17.5,0.0,0,0,0,0
2024-06-13,28.9,20.97,0.0,0,0,0,0
2024-06-14,31.37,20.47,0.0,0,0,0,0
2024-06-15,27.97,22.33,1.27,0,0,0,0
2024-06-16,24.2,20.8,1.1,0,0,0,0
2024-06-17,24.43,19.23,3.7,0,0,0,0
2024-06-18,24.13,21.17,5.9,0,0,0,0
2024-06-19,25.03,20.77,0.1,0,0,0,0
2024-06-20,26.77,19.8,0.1,0,0,0,0
2024-06-21,27.8,20.93,2.67,0,0,0,0
2024-06-22,23.77,19.97,0.8,0,0,0,0
2024-06-23,25.2,18.73,0.1,0,0,0,0
2024-06-24,26.4,18.4,0.0,0,0,0,0
2024-06-25,26.23,19.97,0.27,0,0,0,0
2024-06-26,24.33,19.23,13.23,0,0,0,0
2024-06-27,24.63,16.63,0.0,0,0,0,0
2024-06-28,25.2,16.23,0.0,0,0,0,0
2024-06-29,26.53,16.63,0.0,0,0,0,0
2024-06-30,26.5,19.07,1.33,0,0,0,0
2024-07-01,24.23,19.83,33.1,0,0,0,0
2024-07-02,26.83,19.57,6.9,0,0,0,0
2024-07-03,26.67,18.23,0.0,0,0,0,0
2024-07-04,29.13,20.0,0.0,0,0,0,0
2024-07-05,26.07,22.3,4.0,0,0,0,0
2024-07-06,25.7,21.3,13.23,0,0,0,0
2024-07-07,26.97,21.2,4.07,0,0,0,0
2024-07-08,27.23,21.97,4.43,0,0,0,0
2024-07-09,26.5,22.1,4.57,0,0,0,0
2024-07-10,27.03,21.97,0.1,0,0,0,0
2024-07-11,26.77,21.77,0.2,0,0,0,0
2024-07-12,27.4,22.7,0.23,0,0,0,0
2024-07-13,27.5,22.4,0.8,0,0,0,0
2024-07-14,27.67,22.73,11.7,0,0,0,0
2024-07-15,28.47,23.13,1.5,0,0,0,0
2024-07-16,27.6,22.97,2.6,0,0,0,0
2024-07-17,27.87,22.7,1.13,0,0,0,0
2024-07-18,27.87,23.43,6.03,0,0,0,0
2024-07-19,29.83,22.53,27.53,0,0,0,0
2024-07-20,28.63,22.03,14.43,0,0,0,0
2024-07-21,28.77,21.93,0.7,0,0,0,0
2024-07-22,27.93,20.6,0.0,0,0,0,0
2024-07-23,28.2,21.27,0.0,0,0,0,0
2024-07-24,27.07,22.2,3.73,0,0,0,0
2024-07-25,27.3,20.93,1.0,0,0,0,0
2024-07-26,27.37,20.5,0.47,0,0,0,0
2024-07-27,25.77,21.23,13.27,0,0,0,0
2024-07-28,28.23,20.93,5.47,0,0,0,0
2024-07-29,27.47,19.0,0.1,0,0,0,0
2024-07-30,26.3,19.5,1.63,0,0,0,0
2024-07-31,25.43,20.17,5.27,0,0,0,0
2024-08-01,24.9,19.0,0.37,0,0,1,0
2024-08-02,25.33,18.3,0.17,0,0,1,0
2024-08-03,26.37,18.1,0.0,0,0,1,0
2024-08-04,27.67,18.43,0.0,0,0,1,0
2024-08-05,27.1,20.4,0.03,0,0,1,0
2024-08-06,26.33,20.87,0.9,0,0,1,0
2024-08-07,26.87,21.07,0.87,0,0,1,0
2024-08-08,27.2,22.0,2.23,0,0,1,0
2024-08-09,27.4,20.4,0.0,0,0,1,0
2024-08-10,28.2,19.43,0.0,0,0,1,0
2024-08-11,28.87,21.0,6.43,0,0,1,0
2024-08-12,28.57,21.43,1.1,0,0,1,0
2024-08-13,27.97,19.8,0.07,0,0,1,0
2024-08-14,28.63,18.93,0.0,0,0,1,0
2024-08-15,27.4,19.3,0.1,0,0,1,0
2024-08-16,27.73,20.37,0.9,0,0,1,0
2024-08-17,28.5,18.0,0.0,0,0,1,0
2024-08-18,28.37,19.1,0.0,0,0,1,0
2024-08-19,28.67,20.9,0.0,0,0,1,0
2024-08-20,28.83,21.57,0.0,0,0,1,0
2024-08-21,29.5,22.1,0.0,0,0,1,0
2024-08-22,28.43,23.1,1.0,0,0,1,0
2024-08-23,29.1,24.37,2.63,0,0,1,0
2024-08-24,26.27,22.83,13.9,0,0,1,0
2024-08-25,26.17,22.17,3.87,0,0,1,0
2024-08-26,27.8,20.53,4.37,0,0,1,0
2024-08-27,27.47,20.07,0.47,0,0,1,0
2024-08-28,26.3,23.07,5.83,0,0,1,0
2024-08-29,26.33,23.0,1.87,0,0,1,0
2024-08-30,26.27,21.7,11.3,0,0,1,0
2024-08-31,26.87,19.9,0.0,0,0,1,0
2024-09-01,26.33,20.9,1.0,0,0,1,0
2024-09-02,27.8,22.3,1.4,0,0,1,0
2024-09-03,26.93,21.43,3.73,0,0,1,0
2024-09-04,25.73,21.43,24.4,0,0,1,0
2024-09-05,24.8,21.47,8.7,0,0,1,0
2024-09-06,24.87,20.67,12.07,0,0,1,0
2024-09-07,25.23,19.07,0.67,0,0,1,0
2024-09-08,25.73,20.87,2.2,0,0,1,0
2024-09-09,25.87,20.97,1.8,0,0,1,0
2024-09-10,28.1,20.77,0.0,0,0,1,0
2024-09-11,28.77,20.53,0.0,0,0,1,0
2024-09-12,28.27,20.87,0.33,0,0,1,0
2024-09-13,27.3,21.83,3.4,0,0,1,0
2024-09-14,27.2,20.27,0.1,0,0,1,0
2024-09-15,27.47,18.93,0.03,0,0,1,0
2024-09-16,25.47,20.37,4.37,0,0,1,0
2024-09-17,24.07,19.33,10.67,0,0,1,0
2024-09-18,24.17,17.93,1.57,0,0,1,0
2024-09-19,22.37,17.77,11.73,0,0,1,0
2024-09-20,23.4,17.77,10.4,0,0,1,0
2024-09-21,23.53,16.57,10.0,0,0,1,0
2024-09-22,21.93,16.47,7.9,0,0,1,0
2024-09-23,24.1,16.7,5.13,0,0,1,0
2024-09-24,25.17,17.9,4.1,0,0,1,0
2024-09-25,23.53,15.9,0.23,0,0,1,0
2024-09-26,23.07,15.63,0.23,0,0,1,0
2024-09-27,23.2,14.87,0.07,0,0,1,0
2024-09-28,24.57,15.87,0.0,0,0,1,0
2024-09-29,24.4,17.0,0.0,0,0,1,0
2024-09-30,25.37,17.53,1.47,0,0,1,0
2024-10-01,20.4,16.0,22.67,0,0,1,0
2024-10-02,21.47,14.67,4.27,0,0,1,0
2024-10-03,22.37,14.87,0.23,0,0,1,0
2024-10-04,23.7,14.37,0.0,0,0,1,0
2024-10-05,25.07,14.4,0.0,0,0,1,0
2024-10-06,26.67,14.73,0.0,0,0,1,0
2024-10-07,27.5,18.1,1.67,0,0,1,0
2024-10-08,20.8,18.6,8.27,0,0,1,0
2024-10-09,23.37,15.2,0.0,0,0,1,0
2024-10-10,24.73,16.93,0.23,0,0,1,0
2024-10-11,24.2,17.8,0.27,0,0,1,0
2024-10-12,24.5,16.27,0.0,0,0,1,0
2024-10-13,22.27,17.9,9.8,0,0,1,0
2024-10-14,19.17,17.0,5.1,0,0,1,0
2024-10-15,18.93,16.63,3.0,0,0,1,0
2024-10-16,20.97,14.13,0.33,0,0,1,0
2024-10-17,17.2,11.87,12.4,0,0,1,0
2024-10-18,15.3,9.93,1.1,0,0,1,0
2024-10-19,15.83,7.8,0.67,0,0,1,0
2024-10-20,14.33,7.97,5.33,0,0,1,0
2024-10-21,11.9,9.53,38.83,0,0,1,0
2024-10-22,14.33,9.13,14.33,0,0,1,0
2024-10-23,15.63,9.87,0.7,0,0,1,0
2024-10-24,15.37,10.4,0.53,0,0,1,0
2024-10-25,16.03,10.5,3.2,0,0,1,0
2024-10-26,15.13,10.73,11.77,0,0,1,0
2024-10-27,15.57,8.43,1.23,0,0,1,0
2024-10-28,16.83,7.2,0.0,0,0,1,0
2024-10-29,16.33,7.4,0.0,0,0,1,0
2024-10-30,16.4,7.8,0.1,0,0,1,0
2024-10-31,16.73,7.9,0.0,0,0,1,0
2024-11-01,17.37,8.47,0.03,0,0,0,0
2024-11-02,18.63,8.67,0.0,0,0,0,0
2024-11-03,17.83,9.27,13.03,0,0,0,0
2024-11-04,12.37,6.9,0.7,0,0,0,0
2024-11-05,10.67,7.13,18.57,0,0,0,0
2024-11-06,11.23,6.3,0.37,0,0,0,0
2024-11-07,13.07,5.3,0.0,0,0,0,0
2024-11-08,13.83,5.53,0.03,0,0,0,0
2024-11-09,14.43,5.63,0.03,0,0,0,0
2024-11-10,14.43,5.57,0.0,0,0,0,0
2024-11-11,15.0,8.53,0.27,0,0,0,0
2024-11-12,15.33,9.83,0.07,0,0,0,0
2024-11-13,15.9,6.13,0.0,0,0,0,0
2024-11-14,15.83,5.93,0.03,0,0,0,0
2024-11-15,16.53,6.97,1.73,0,0,0,0
2024-11-16,13.3,9.9,19.9,0,0,0,0
2024-11-17,13.1,7.3,0.33,0,0,0,0
2024-11-18,18.17,9.93,3.47,0,0,0,0
2024-11-19,15.63,9.2,16.4,0,0,0,0
2024-11-20,17.53,7.6,0.0,0,0,0,0
2024-11-21,21.9,11.6,0.0,0,0,0,0
2024-11-22,18.03,12.63,1.97,0,0,0,0
2024-11-23,23.9,13.43,0.13,0,0,0,0
2024-11-24,13.2,4.3,38.73,0,0,0,0
2024-11-25,7.33,2.47,13.03,0,0,0,0
2024-11-26,7.97,1.57,7.4,0,0,0,0
2024-11-27,9.97,1.27,0.43,0,0,0,0
2024-11-28,11.37,1.6,0.13,0,0,0,0
2024-11-29,11.53,3.5,0.0,0,0,0,0
2024-11-30,11.57,1.93,0.0,0,0,0,0
2024-12-01,11.13,1.9,0.0,0,0,0,0
2024-12-02,11.3,2.53,0.1,0,0,0,0
2024-12-03,10.73,1.9,0.0,0,0,0,0
2024-12-04,13.53,3.53,0.27,0,0,0,0
2024-12-05,14.03,6.33,1.5,0,0,0,0
2024-12-06,12.7,5.93,0.3,0,0,0,0
2024-12-07,16.4,6.23,0.0,0,0,0,0
2024-12-08,17.83,8.87,0.07,0,0,0,0
2024-12-09,20.17,11.07,0.0,0,0,0,0
2024-12-10,20.03,10.93,0.0,0,0,0,0
2024-12-11,19.3,10.5,5.03,0,0,0,0
2024-12-12,11.53,6.6,20.83,0,0,0,0
2024-12-13,9.0,3.4,20.5,0,0,0,0
2024-12-14,5.53,-2.77,3.8,1,0,0,0
2024-12-15,10.6,-2.63,0.1,1,0,0,0
2024-12-16,8.3,3.73,5.9,0,0,0,0
2024-12-17,13.27,2.47,0.03,0,0,0,0
2024-12-18,14.63,7.33,1.8,0,0,0,0
2024-12-19,12.03,4.63,1.27,0,0,0,0
2024-12-20,14.0,4.63,0.0,0,0,0,0
2024-12-21,16.17,5.8,0.0,0,0,0,0
2024-12-22,17.27,7.5,7.17,0,0,0,0
2024-12-23,13.87,5.9,0.1,0,0,0,0
2024-12-24,17.73,9.2,0.27,0,0,0,0
2024-12-25,19.9,9.87,0.0,0,0,0,0
2024-12-26,17.9,9.83,0.0,0,0,0,0
2024-12-27,11.1,8.3,4.97,0,0,0,0
2024-12-28,9.4,7.2,13.3,0,0,0,0
2024-12-29,9.43,6.37,1.73,0,0,0,0
2024-12-30,9.97,6.7,4.27,0,0,0,0
2024-12-31,8.27,6.33,5.2,0,0,0,0
2025-01-01,10.07,2.4,0.0,0,0,0,0
2025-01-02,14.0,2.93,0.0,0,0,0,0
2025-01-03,13.63,4.07,0.0,0,0,0,0
2025-01-04,17.0,4.67,0.0,0,0,0,0
2025-01-05,8.83,4.3,15.6,0,0,0,0
2025-01-06,8.97,3.13,0.4,0,0,0,0
2025-01-07,14.27,3.7,0.0,0,0,0,0
2025-01-08,16.07,6.3,0.0,0,0,0,0
2025-01-09,16.6,5.17,0.0,0,0,0,0
2025-01-10,15.7,5.3,0.0,0,0,0,0
2025-01-11,16.57,7.03,0.0,0,0,0,0
2025-01-12,14.0,6.73,0.0,0,0,0,0
2025-01-13,16.17,9.13,1.23,0,0,0,0
2025-01-14,9.13,6.4,11.07,0,0,0,0
2025-01-15,7.93,5.27,1.0,0,0,0,0
2025-01-16,9.07,5.7,8.8,0,0,0,0
2025-01-17,7.53,4.1,2.97,0,0,0,0
2025-01-18,8.7,3.37,2.53,0,0,0,0
2025-01-19,10.13,5.27,10.83,0,0,0,0
2025-01-20,6.23,2.8,4.8,0,0,0,0
2025-01-21,9.8,0.17,0.0,0,0,0,0
2025-01-22,13.57,2.9,0.0,0,0,0,0
2025-01-23,12.23,6.37,0.07,0,0,0,0
2025-01-24,11.67,4.5,0.53,0,0,0,0
2025-01-25,14.8,4.6,0.27,0,0,0,0
2025-01-26,10.87,4.9,8.03,0,0,0,0
2025-01-27,11.37,3.3,0.0,0,0,0,0
2025-01-28,14.07,3.33,0.0,0,0,0,0
2025-01-29,16.3,5.07,0.0,0,0,0,0
2025-01-30,16.4,4.2,0.0,0,0,0,0
2025-01-31,12.83,3.77,0.0,0,0,0,0
2025-02-01,12.93,2.27,0.0,0,0,0,0
2025-02-02,11.43,2.47,0.8,0,0,0,0
2025-02-03,11.7,2.47,0.0,0,0,0,0
2025-02-04,7.7,3.3,12.7,0,0,0,0
2025-02-05,3.77,1.77,18.8,0,0,0,0
2025-02-06,4.1,1.17,10.47,0,0,0,0
2025-02-07,5.7,0.83,0.17,0,0,0,0
2025-02-08,5.83,2.33,5.33,0,0,0,0
2025-02-09,7.5,2.57,2.4,0,0,0,0
2025-02-10,6.93,0.53,1.57,0,0,0,0
2025-02-11,7.77,0.13,1.0,0,0,0,0
2025-02-12,8.17,1.4,0.37,0,0,0,0
2025-02-13,6.27,2.77,11.43,0,0,0,0
2025-02-14,7.8,-0.17,1.53,1,0,0,0
2025-02-15,13.07,-0.27,0.0,1,0,0,0
2025-02-16,10.97,3.67,0.63,0,0,0,0
2025-02-17,9.47,4.37,0.2,0,0,0,0
2025-02-18,6.63,2.03,10.33,0,0,0,0
2025-02-19,2.73,0.87,18.67,0,0,0,0
2025-02-20,2.7,-2.83,14.23,1,0,0,0
2025-02-21,1.3,-8.2,5.57,1,0,0,0
2025-02-22,1.87,-10.17,0.13,1,0,0,0
2025-02-23,1.07,-6.67,6.53,1,0,0,0
2025-02-24,2.7,-6.7,2.03,1,0,0,0
2025-02-25,5.7,-2.77,0.33,1,0,0,0
2025-02-26,4.17,-2.73,0.2,1,0,0,0
2025-02-27,5.67,-3.4,0.2,1,0,0,0
2025-02-28,6.63,-3.7,0.03,1,0,0,0
2025-03-01,7.47,0.5,0.67,0,0,0,0
2025-03-02,8.7,-2.97,0.0,1,0,0,0
2025-03-03,6.17,2.33,13.17,0,0,0,0
2025-03-04,7.57,1.67,1.03,0,0,0,0
2025-03-05,9.13,-0.53,0.0,1,0,0,0
2025-03-06,12.27,0.53,0.0,0,0,0,0
2025-03-07,12.43,1.1,0.0,0,0,0,0
2025-03-08,11.1,2.8,0.0,0,0,0,0
2025-03-09,14.1,2.77,0.0,0,0,0,0
2025-03-10,12.8,4.5,0.0,0,0,0,0
2025-03-11,18.47,4.77,0.0,0,0,0,0
2025-03-12,26.3,9.93,0.0,0,0,0,0
2025-03-13,25.03,11.8,0.0,0,0,0,0
2025-03-14,25.1,13.97,0.0,0,0,0,0
2025-03-15,25.63,12.67,0.0,0,0,0,0
2025-03-16,29.5,13.97,0.0,0,0,0,0
2025-03-17,23.03,15.27,0.07,0,0,0,0
2025-03-18,17.3,8.97,6.73,0,0,0,0
2025-03-19,8.6,1.47,37.13,0,0,0,0
2025-03-20,4.4,1.07,7.33,0,0,0,0
2025-03-21,7.5,1.8,2.73,0,0,0,0
2025-03-22,8.33,4.37,7.77,0,0,0,0
2025-03-23,11.13,1.63,0.0,0,0,0,0
2025-03-24,15.17,3.17,0.0,0,0,0,0
2025-03-25,21.3,8.57,0.27,0,0,0,0
2025-03-26,20.17,12.5,0.13,0,0,0,0
2025-03-27,21.5,12.43,0.0,0,0,0,0
2025-03-28,22.47,12.2,0.0,0,0,0,0
2025-03-29,28.53,15.83,0.23,0,0,0,0
2025-03-30,17.57,12.4,3.93,0,0,0,0
2025-03-31,15.63,10.47,2.23,0,0,0,0
2025-04-01,20.83,9.73,0.0,0,0,0,0
2025-04-02,21.13,13.23,2.23,0,0,0,0
2025-04-03,14.2,10.9,10.57,0,0,0,0
2025-04-04,12.87,9.7,1.67,0,0,0,0
2025-04-05,13.67,8.7,1.63,0,0,0,0
2025-04-06,18.47,8.2,2.43,0,0,0,0
2025-04-07,19.23,10.2,0.67,0,0,0,0
2025-04-08,13.8,7.2,6.77,0,0,0,0
2025-04-09,7.7,4.53,21.03,0,0,0,0
2025-04-10,7.57,0.43,13.77,0,0,0,0
2025-04-11,13.23,0.13,15.97,0,0,0,0
2025-04-12,9.53,-0.63,2.43,1,1,0,0
2025-04-13,10.97,2.57,2.9,0,0,0,0
2025-04-14,8.27,5.9,11.43,0,0,0,0
2025-04-15,11.13,6.07,9.5,0,0,0,0
2025-04-16,13.67,7.3,1.87,0,0,0,0
2025-04-17,14.0,5.23,0.0,0,0,0,0
2025-04-18,13.43,6.63,0.0,0,0,0,0
2025-04-19,17.2,7.53,1.5,0,0,0,0
2025-04-20,13.7,9.27,4.27,0,0,0,0
2025-04-21,16.0,8.03,0.07,0,0,0,0
2025-04-22,16.5,8.87,0.1,0,0,0,0
2025-04-23,14.83,9.73,0.3,0,0,0,0
2025-04-24,14.57,9.5,3.37,0,0,0,0
2025-04-25,18.07,9.67,7.07,0,0,0,0
2025-04-26,16.77,10.3,8.9,0,0,0,0
2025-04-27,17.1,11.17,6.33,0,0,0,0
2025-04-28,11.9,8.1,4.7,0,0,0,0
2025-04-29,10.6,7.33,0.9,0,0,0,0
2025-04-30,12.47,7.57,1.4,0,0,0,0
2025-05-01,15.9,8.27,4.27,0,0,0,0
2025-05-02,13.93,10.77,6.4,0,0,0,0
2025-05-03,14.8,9.03,0.93,0,0,0,0
2025-05-04,15.2,7.47,0.0,0,0,0,0
2025-05-05,17.0,9.0,0.0,0,0,0,0
2025-05-06,19.83,8.8,0.0,0,0,0,0
2025-05-07,25.2,11.23,0.07,0,0,0,0
2025-05-08,23.13,15.9,0.0,0,0,0,0
2025-05-09,27.87,14.57,1.03,0,0,0,0
2025-05-10,24.63,14.5,0.93,0,0,0,0
2025-05-11,15.13,12.13,7.63,0,0,0,0
2025-05-12,14.53,11.03,15.0,0,0,0,0
2025-05-13,13.1,10.9,12.17,0,0,0,0
2025-05-14,14.13,10.1,0.73,0,0,0,0
2025-05-15,14.53,8.6,5.97,0,0,0,0
2025-05-16,20.5,6.83,0.0,0,0,0,0
2025-05-17,29.6,13.6,0.0,0,0,0,0
2025-05-18,17.97,13.3,6.27,0,0,0,0
2025-05-19,17.23,11.77,1.53,0,0,0,0
2025-05-20,21.63,9.63,0.0,0,0,0,0
2025-05-21,17.6,10.83,0.07,0,0,0,0
2025-05-22,21.27,9.43,0.0,0,0,0,0
2025-05-23,24.03,11.57,0.0,0,0,0,0
2025-05-24,24.5,13.57,0.0,0,0,0,0
2025-05-25,26.23,13.17,0.0,0,0,0,0
2025-05-26,27.87,15.73,0.07,0,0,0,0
2025-05-27,22.27,16.1,6.23,0,0,0,0
2025-05-28,18.73,15.53,3.33,0,0,0,0
2025-05-29,20.3,14.3,2.43,0,0,0,0
2025-05-30,19.4,13.97,9.13,0,0,0,0
2025-05-31,19.87,13.77,0.4,0,0,0,0
2025-06-01,19.4,15.17,4.47,0,0,0,0
2025-06-02,19.37,15.93,5.13,0,0,0,0
2025-06-03,20.2,15.43,13.27,0,0,0,0
2025-06-04,22.67,14.73,0.87,0,0,0,0
2025-06-05,22.87,12.7,0.0,0,0,0,0
2025-06-06,22.1,14.03,0.0,0,0,0,0
2025-06-07,22.43,12.63,0.0,0,0,0,0
2025-06-08,22.43,12.33,0.03,0,0,0,0
2025-06-09,23.5,15.43,0.07,0,0,0,0
2025-06-10,23.9,14.97,0.0,0,0,0,0
2025-06-11,24.03,15.7,0.0,0,0,0,0
2025-06-12,24.97,17.83,0.0,0,0,0,0
2025-06-13,23.93,17.67,4.3,0,0,0,0
2025-06-14,21.17,16.83,7.6,0,0,0,0
2025-06-15,21.5,13.77,1.77,0,0,0,0
2025-06-16,23.0,13.7,3.33,0,0,0,0
2025-06-17,22.67,13.63,2.23,0,0,0,0
2025-06-18,23.57,13.83,0.0,0,0,0,0
2025-06-19,23.23,13.93,0.0,0,0,0,0
2025-06-20,25.03,13.4,0.0,0,0,0,0
2025-06-21,23.37,15.37,2.27,0,0,0,0
2025-06-22,21.3,16.6,1.6,0,0,0,0
2025-06-23,22.43,14.23,0.0,0,0,0,0
2025-06-24,24.37,13.63,0.0,0,0,0,0
2025-06-25,25.87,13.3,0.0,0,0,0,0
2025-06-26,27.6,14.17,0.0,0,0,0,0
2025-06-27,27.6,16.7,0.0,0,0,0,0
2025-06-28,24.73,18.6,1.67,0,0,0,0
2025-06-29,24.6,17.3,19.43,0,0,0,0
2025-06-30,22.27,15.87,8.97,0,0,0,0
2025-07-01,24.43,14.77,2.17,0,0,0,0
2025-07-02,22.2,16.2,2.7,0,0,0,0
2025-07-03,21.57,14.73,8.17,0,0,0,0
2025-07-04,20.37,15.1,9.13,0,0,0,0
2025-07-05,23.0,16.4,3.77,0,0,0,0
2025-07-06,24.67,16.77,0.23,0,0,0,0
2025-07-07,24.53,15.77,0.0,0,0,0,0
2025-07-08,25.87,17.0,0.0,0,0,0,0
2025-07-09,27.67,18.33,0.0,0,0,0,0
2025-07-10,29.23,17.73,0.0,0,0,0,0
2025-07-11,27.47,21.5,0.5,0,0,0,0
2025-07-12,27.2,20.57,1.07,0,0,0,0
2025-07-13,27.67,23.27,1.23,0,0,0,0
2025-07-14,27.73,22.37,2.57,0,0,0,0
2025-07-15,27.2,21.57,2.7,0,0,0,0
2025-07-16,27.17,21.8,6.07,0,0,0,0
2025-07-17,29.03,19.37,0.07,0,0,0,0
2025-07-18,31.53,18.67,0.0,0,0,0,0
2025-07-19,28.13,22.57,1.5,0,0,0,0
2025-07-20,28.03,22.37,5.43,0,0,0,0
2025-07-21,26.77,21.5,1.53,0,0,0,0
2025-07-22,28.23,21.67,0.8,0,0,0,0
2025-07-23,28.73,19.73,0.13,0,0,0,0
2025-07-24,28.43,21.3,0.73,0,0,0,0
2025-07-25,28.87,20.23,1.13,0,0,0,0
2025-07-26,29.5,21.53,0.03,0,0,0,0
2025-07-27,29.57,20.47,0.03,0,0,0,0
2025-07-28,30.8,22.93,0.0,0,0,0,0
2025-07-29,32.9,23.97,0.0,0,0,0,0
2025-07-30,30.67,24.7,2.3,0,0,0,0
2025-07-31,28.8,25.03,4.9,0,0,0,0
2025-08-01,27.77,24.57,12.97,0,0,1,0
2025-08-02,28.4,24.17,13.07,0,0,1,0
2025-08-03,27.6,24.1,2.33,0,0,1,0
2025-08-04,26.0,23.83,10.0,0,0,1,0
2025-08-05,27.93,23.37,7.83,0,0,1,0
2025-08-06,28.03,22.03,0.0,0,0,1,0
2025-08-07,27.73,22.63,0.87,0,0,1,0
2025-08-08,30.33,24.07,3.83,0,0,1,0
2025-08-09,29.1,22.27,2.63,0,0,1,0
2025-08-10,28.2,20.03,0.67,0,0,1,0
2025-08-11,28.8,18.43,0.0,0,0,1,0
2025-08-12,28.4,19.7,0.0,0,0,1,0
2025-08-13,27.87,19.0,0.07,0,0,1,0
2025-08-14,27.47,19.1,0.03,0,0,1,0
2025-08-15,27.0,19.73,0.17,0,0,1,0
2025-08-16,27.63,19.4,0.5,0,0,1,0
2025-08-17,28.8,18.2,0.0,0,0,1,0
2025-08-18,29.33,18.27,0.0,0,0,1,0
2025-08-19,27.13,22.4,3.7,0,0,1,0
2025-08-20,27.27,21.87,2.67,0,0,1,0
2025-08-21,27.53,20.3,0.73,0,0,1,0
2025-08-22,28.93,18.43,0.0,0,0,1,0
2025-08-23,33.7,20.13,0.0,0,0,1,0
2025-08-24,26.27,20.4,10.77,0,0,1,0
2025-08-25,23.5,20.7,13.0,0,0,1,0
2025-08-26,23.87,19.57,2.53,0,0,1,0
2025-08-27,23.57,19.03,2.13,0,0,1,0
2025-08-28,25.37,18.67,0.2,0,0,1,0
2025-08-29,25.37,18.83,0.37,0,0,1,0
2025-08-30,26.67,19.47,0.0,0,0,1,0
2025-08-31,27.07,19.93,0.0,0,0,1,0
2025-09-01,27.57,18.93,0.1,0,0,1,0
2025-09-02,25.97,22.2,5.03,0,0,1,0
2025-09-03,23.23,20.13,21.47,0,0,1,0
2025-09-04,24.43,20.0,6.7,0,0,1,0
2025-09-05,25.8,18.8,0.47,0,0,1,0
2025-09-06,25.63,21.0,4.0,0,0,1,0
2025-09-07,23.33,20.57,14.3,0,0,1,0
2025-09-08,23.63,20.13,2.1,0,0,1,0
2025-09-09,24.63,18.37,9.17,0,0,1,0
2025-09-10,25.0,15.83,0.13,0,0,1,0
2025-09-11,23.5,16.67,0.97,0,0,1,0
2025-09-12,24.03,15.23,0.63,0,0,1,0
2025-09-13,24.77,16.5,1.4,0,0,1,0
2025-09-14,23.07,16.17,1.13,0,0,1,0
2025-09-15,24.53,13.27,0.0,0,0,1,0
2025-09-16,23.6,16.33,2.07,0,0,1,0
2025-09-17,23.63,15.53,0.27,0,0,1,0
2025-09-18,23.5,15.3,11.37,0,0,1,0
2025-09-19,21.2,13.0,11.93,0,0,1,0
2025-09-20,20.2,15.43,16.03,0,0,1,0
2025-09-21,20.73,14.43,3.53,0,0,1,0
2025-09-22,20.77,11.17,0.0,0,0,1,0
2025-09-23,21.9,11.6,0.0,0,0,1,0
2025-09-24,23.07,12.5,0.0,0,0,1,0
2025-09-25,21.1,15.0,2.03,0,0,1,0
2025-09-26,20.9,14.83,10.8,0,0,1,0
2025-09-27,17.83,13.93,3.63,0,0,1,0
2025-09-28,19.93,11.3,0.1,0,0,1,0
2025-09-29,21.1,13.93,0.73,0,0,1,0
2025-09-30,18.13,16.13,23.17,0,0,1,0
2025-10-01,18.5,15.1,4.93,0,0,1,0
2025-10-02,19.23,15.33,4.9,0,0,1,0
2025-10-03,21.97,11.53,0.0,0,0,1,0
2025-10-04,29.3,15.83,0.0,0,0,1,0
2025-10-05,21.4,14.97,0.27,0,0,1,0
2025-10-06,21.37,14.33,0.1,0,0,1,0
2025-10-07,22.2,12.87,0.0,0,0,1,0
2025-10-08,26.1,15.0,0.0,0,0,1,0
2025-10-09,21.03,14.73,14.57,0,0,1,0
2025-10-10,20.57,13.03,2.23,0,0,1,0
2025-10-11,19.37,10.93,0.4,0,0,1,0
2025-10-12,15.7,11.13,10.1,0,0,1,0
2025-10-13,17.73,11.23,0.37,0,0,1,0
2025-10-14,19.07,9.27,0.0,0,0,1,0
2025-10-15,19.03,9.73,0.0,0,0,1,0
2025-10-16,17.23,9.8,3.67,0,0,1,0
2025-10-17,17.97,11.47,4.67,0,0,1,0
2025-10-18,20.63,9.8,0.0,0,0,1,0
2025-10-19,19.87,11.93,2.7,0,0,1,0
2025-10-20,15.67,11.47,17.6,0,0,1,0
2025-10-21,16.8,8.97,0.23,0,0,1,0
2025-10-22,20.2,8.67,0.1,0,0,1,0
2025-10-23,22.8,13.5,0.07,0,0,1,0
2025-10-24,23.17,15.23,0.6,0,0,1,0
2025-10-25,21.43,16.6,10.63,0,0,1,0
2025-10-26,18.07,12.03,11.0,0,0,1,0
2025-10-27,25.23,12.33,0.0,0,0,1,0
2025-10-28,24.73,16.23,0.8,0,0,1,0
2025-10-29,17.1,10.23,16.63,0,0,1,0
2025-10-30,17.27,7.93,0.0,0,0,1,0
2025-10-31,20.03,8.33,0.0,0,0,1,0
2025-11-01,18.73,7.73,0.0,0,0,0,0
2025-11-02,17.23,8.03,0.0,0,0,0,0
2025-11-03,18.6,7.53,0.0,0,0,0,0
2025-11-04,20.47,10.0,0.0,0,0,0,0
2025-11-05,19.2,10.03,0.0,0,0,0,0
2025-11-06,17.07,9.57,0.0,0,0,0,0
2025-11-07,20.47,11.1,0.0,0,0,0,0
2025-11-08,20.43,12.57,0.0,0,0,0,0
2025-11-09,18.37,11.33,0.0,0,0,0,0
2025-11-10,19.0,10.0,0.0,0,0,0,0
2025-11-11,24.6,12.73,0.0,0,0,0,0
2025-11-12,20.1,13.03,1.23,0,0,0,0
2025-11-13,14.97,12.27,19.9,0,0,0,0
2025-11-14,13.13,10.17,36.37,0,0,0,0
2025-11-15,13.67,9.67,21.63,0,0,0,0
2025-11-16,15.23,9.93,8.57,0,0,0,0
2025-11-17,19.53,9.13,0.0,0,0,0,0
2025-11-18,21.93,10.7,0.0,0,0,0,0
2025-11-19,22.3,10.7,0.0,0,0,0,0
2025-11-20,21.33,10.73,0.0,0,0,0,0
2025-11-21,20.47,9.97,0.0,0,0,0,0
2025-11-22,24.83,11.9,0.0,0,0,0,0
2025-11-23,25.73,13.33,0.0,0,0,0,0
2025-11-24,21.83,12.43,0.0,0,0,0,0
2025-11-25,16.63,11.57,0.0,0,0,0,0
2025-11-26,20.0,10.9,0.0,0,0,0,0
2025-11-27,20.17,10.5,0.0,0,0,0,0
2025-11-28,19.9,9.67,0.0,0,0,0,0
2025-11-29,20.07,9.83,0.0,0,0,0,0
2025-11-30,19.2,11.17,2.53,0,0,0,0
2025-12-01,15.73,9.73,4.37,0,0,0,0
2025-12-02,14.03,7.87,0.47,0,0,0,0
2025-12-03,14.6,4.73,0.0,0,0,0,0
2025-12-04,14.37,4.87,0.0,0,0,0,0
2025-12-05,16.5,5.7,0.0,0,0,0,0
2025-12-06,19.97,11.5,0.0,0,0,0,0
2025-12-07,18.0,11.73,2.47,0,0,0,0
2025-12-08,19.1,10.63,2.1,0,0,0,0
2025-12-09,13.37,10.5,22.93,0,0,0,0
2025-12-10,12.07,10.83,15.4,0,0,0,0
2025-12-11,11.17,9.17,14.67,0,0,0,0
2025-12-12,12.1,6.87,2.2,0,0,0,0
2025-12-13,12.9,7.57,11.63,0,0,0,0
2025-12-14,9.83,6.0,6.0,0,0,0,0
2025-12-15,10.93,5.1,3.03,0,0,0,0
2025-12-16,7.47,3.93,19.7,0,0,0,0
2025-12-17,10.47,2.43,0.0,0,0,0,0
2025-12-18,11.97,2.07,0.0,0,0,0,0
2025-12-19,12.77,2.2,0.0,0,0,0,0
2025-12-20,12.07,2.13,0.0,0,0,0,0
2025-12-21,14.07,2.73,0.1,0,0,0,0
2025-12-22,13.7,5.33,0.13,0,0,0,0
2025-12-23,12.83,4.67,0.07,0,0,0,0
2025-12-24,11.6,8.0,5.4,0,0,0,0
2025-12-25,9.8,7.97,13.43,0,0,0,0
2025-12-26,8.47,6.47,8.3,0,0,0,0
2025-12-27,6.53,1.27,9.33,0,0,0,0
2025-12-28,9.1,-0.6,0.23,1,0,0,0
2025-12-29,9.67,1.73,0.4,0,0,0,0
2025-12-30,10.37,2.73,0.0,0,0,0,0
2025-12-31,10.87,4.37,4.27,0,0,0,0
2026-01-01,4.37,1.33,22.3,0,0,0,0
2026-01-02,3.47,-5.47,5.23,1,0,0,0
2026-01-03,9.9,-4.6,0.0,1,0,0,0
2026-01-04,16.03,7.17,0.37,0,0,0,0
2026-01-05,17.13,6.43,0.0,0,0,0,0
2026-01-06,17.27,6.9,0.0,0,0,0,0
2026-01-07,18.83,7.4,0.0,0,0,0,0
2026-01-08,19.83,12.97,1.43,0,0,0,0
2026-01-09,14.13,3.9,20.5,0,0,0,0
2026-01-10,11.33,1.9,2.33,0,0,0,0
2026-01-11,17.47,10.7,0.83,0,0,0,0
2026-01-12,10.63,3.67,20.17,0,0,0,0
2026-01-13,3.37,-0.73,20.03,1,0,0,0
2026-01-14,4.87,-3.23,2.2,1,0,0,0
2026-01-15,8.93,-3.47,0.9,1,0,0,0
2026-01-16,7.2,3.37,8.27,0,0,0,0
2026-01-17,3.9,-4.23,10.73,1,0,0,0
2026-01-18,4.6,-6.53,0.5,1,0,0,0
2026-01-19,4.07,0.7,12.9,0,0,0,0
2026-01-20,4.73,1.43,4.1,0,0,0,0
2026-01-21,6.7,-2.47,0.0,1,0,0,0
2026-01-22,13.13,0.2,2.3,0,0,0,0
2026-01-23,10.93,6.83,2.77,0,0,0,0
2026-01-24,13.43,6.73,5.23,0,0,0,0
2026-01-25,12.03,5.67,0.0,0,0,0,0
2026-01-26,16.4,6.37,0.0,0,0,0,0
2026-01-27,18.73,8.1,0.0,0,0,0,0
2026-01-28,17.07,8.87,0.1,0,0,0,0
2026-01-29,17.53,7.23,0.0,0,0,0,0
2026-01-30,17.13,11.13,1.33,0,0,0,0
2026-01-31,17.1,10.73,2.4,0,0,0,0
2026-02-01,11.63,7.0,4.13,0,0,0,0
2026-02-02,20.7,7.97,2.07,0,0,0,0
2026-02-03,12.33,5.1,12.43,0,0,0,0
2026-02-04,6.67,3.17,3.93,0,0,0,0
2026-02-05,13.2,1.2,0.0,0,0,0,0
2026-02-06,17.07,11.23,0.0,0,0,0,0
2026-02-07,17.27,11.23,1.23,0,0,0,0
2026-02-08,12.5,7.3,8.43,0,0,0,0
2026-02-09,10.03,7.0,17.7,0,0,0,0
2026-02-10,6.8,3.4,9.6,0,0,0,0
2026-02-11,9.43,3.3,1.4,0,0,0,0
2026-02-12,17.1,3.5,0.73,0,0,0,0
2026-02-13,20.33,11.87,0.7,0,0,0,0
2026-02-14,19.97,10.73,5.4,0,0,0,0
2026-02-15,17.5,7.67,0.33,0,0,0,0
2026-02-16,21.97,14.4,0.0,0,0,0,0
2026-02-17,17.7,13.33,1.0,0,0,0,0
2026-02-18,19.6,10.63,6.2,0,0,0,0
2026-02-19,10.33,3.93,11.33,0,0,0,0
2026-02-20,13.23,2.4,0.0,0,0,0,0
2026-02-21,14.0,5.73,0.0,0,0,0,0
2026-02-22,13.4,6.2,4.53,0,0,0,0
2026-02-23,7.93,6.53,5.27,0,0,0,0
2026-02-24,11.07,3.5,0.37,0,0,0,0
2026-02-25,14.17,4.83,16.0,0,0,0,0
2026-02-26,5.77,3.27,31.2,0,0,0,0
2026-02-27,6.07,3.2,15.67,0,0,0,0
2026-02-28,7.43,3.1,5.37,0,0,0,0
2026-03-01,7.9,3.1,4.07,0,0,0,0
2026-03-02,9.63,2.53,0.03,0,0,0,0
2026-03-03,13.57,1.43,0.0,0,0,0,0
2026-03-04,8.13,2.6,16.33,0,0,0,0
2026-03-05,10.97,-0.7,0.0,1,0,0,0
2026-03-06,9.73,2.3,3.0,0,0,0,0
2026-03-07,6.67,1.07,11.2,0,0,0,0
2026-03-08,6.17,0.6,1.5,0,0,0,0
2026-03-09,8.53,2.6,0.0,0,0,0,0
2026-03-10,9.33,0.27,0.03,0,0,0,0
