Tarih,Brent_Petrol_Kapanis,Altin_Ons_Kapanis,Dogalgaz_ETF_Kapanis
2021-03-10,67.9000015258789,1721.5,40.119998931884766
2021-03-11,69.62999725341797,1722.300048828125,39.880001068115234
2021-03-12,69.22000122070312,1719.5,38.7599983215332
2021-03-15,68.87999725341797,1728.9000244140625,37.400001525878906
2021-03-16,68.38999938964844,1730.5999755859375,38.20000076293945
2021-03-17,68.0,1726.800048828125,37.720001220703125
2021-03-18,63.27999877929688,1732.199951171875,37.15999984741211
2021-03-19,64.52999877929688,1741.4000244140625,37.959999084472656
2021-03-22,64.62000274658203,1737.800048828125,38.47999954223633
2021-03-23,60.790000915527344,1724.699951171875,37.68000030517578
2021-03-24,64.41000366210938,1732.9000244140625,37.79999923706055
2021-03-25,61.95000076293945,1724.9000244140625,38.560001373291016
2021-03-26,64.56999969482422,1732.199951171875,38.63999938964844
2021-03-29,64.9800033569336,1712.0999755859375,38.91999816894531
2021-03-30,64.13999938964844,1683.9000244140625,38.63999938964844
2021-03-31,63.540000915527344,1713.800048828125,38.31999969482422
2021-04-01,64.86000061035156,1726.5,38.79999923706055
2021-04-05,62.150001525878906,1727.0,37.0
2021-04-06,62.7400016784668,1741.5,36.2400016784668
2021-04-07,63.15999984741211,1740.0999755859375,37.0
2021-04-08,63.20000076293945,1756.800048828125,37.119998931884766
2021-04-09,62.95000076293945,1743.300048828125,37.119998931884766
2021-04-12,63.27999877929688,1731.199951171875,37.68000030517578
2021-04-13,63.66999816894531,1746.199951171875,38.59999847412109
2021-04-14,66.58000183105469,1734.9000244140625,38.52000045776367
2021-04-15,66.94000244140625,1765.4000244140625,39.20000076293945
2021-04-16,66.7699966430664,1779.0,39.52000045776367
2021-04-19,67.05000305175781,1769.4000244140625,40.36000061035156
2021-04-20,66.56999969482422,1777.300048828125,40.15999984741211
2021-04-21,65.31999969482422,1792.300048828125,39.79999923706055
2021-04-22,65.4000015258789,1781.199951171875,40.59999847412109
2021-04-23,66.11000061035156,1777.0,40.2400016784668
2021-04-26,65.6500015258789,1779.199951171875,41.2400016784668
2021-04-27,66.41999816894531,1778.0,42.08000183105469
2021-04-28,67.2699966430664,1773.199951171875,42.31999969482422
2021-04-29,68.55999755859375,1768.0999755859375,41.68000030517578
2021-04-30,67.25,1767.300048828125,42.040000915527344
2021-05-03,67.55999755859375,1791.4000244140625,42.52000045776367
2021-05-04,68.87999725341797,1775.800048828125,42.63999938964844
2021-05-05,68.95999908447266,1784.0999755859375,42.2400016784668
2021-05-06,68.08999633789062,1815.5,42.119998931884766
2021-05-07,68.27999877929688,1831.0999755859373,42.36000061035156
2021-05-10,68.31999969482422,1837.5,42.0
2021-05-11,68.55000305175781,1835.9000244140625,42.36000061035156
2021-05-12,69.31999969482422,1822.5999755859373,42.720001220703125
2021-05-13,67.05000305175781,1823.800048828125,42.59999847412109
2021-05-14,68.70999908447266,1837.9000244140625,42.560001373291016
2021-05-17,69.45999908447266,1867.5,44.63999938964844
2021-05-18,68.70999908447266,1867.800048828125,43.2400016784668
2021-05-19,66.66000366210938,1881.300048828125,42.68000030517578
2021-05-20,65.11000061035156,1881.800048828125,42.36000061035156
2021-05-21,66.44000244140625,1876.699951171875,41.84000015258789
2021-05-24,68.45999908447266,1884.5999755859373,41.68000030517578
2021-05-25,68.6500015258789,1898.0999755859373,42.15999984741211
2021-05-26,68.87000274658203,1901.300048828125,42.47999954223633
2021-05-27,69.45999908447266,1895.699951171875,41.63999938964844
2021-05-28,69.62999725341797,1902.5,42.08000183105469
2021-06-01,70.25,1902.9000244140625,43.68000030517578
2021-06-02,71.3499984741211,1907.5,43.15999984741211
2021-06-03,71.30999755859375,1871.199951171875,43.040000915527344
2021-06-04,71.88999938964844,1889.800048828125,43.560001373291016
2021-06-07,71.48999786376953,1896.800048828125,43.27999877929688
2021-06-08,72.22000122070312,1892.199951171875,44.0
2021-06-09,72.22000122070312,1893.199951171875,44.36000061035156
2021-06-10,72.5199966430664,1894.199951171875,44.36000061035156
2021-06-11,72.69000244140625,1877.4000244140625,46.15999984741211
2021-06-14,72.86000061035156,1864.0,47.2400016784668
2021-06-15,73.98999786376953,1854.5,45.20000076293945
2021-06-16,74.38999938964844,1859.5,45.720001220703125
2021-06-17,73.08000183105469,1773.800048828125,45.68000030517578
2021-06-18,73.51000213623047,1767.9000244140625,45.2400016784668
2021-06-21,74.9000015258789,1781.800048828125,45.040000915527344
2021-06-22,74.80999755859375,1776.300048828125,45.880001068115234
2021-06-23,75.19000244140625,1782.300048828125,46.560001373291016
2021-06-24,75.55999755859375,1775.5999755859375,48.040000915527344
2021-06-25,76.18000030517578,1776.5999755859375,49.27999877929688
2021-06-28,74.68000030517578,1779.5999755859375,50.27999877929688
2021-06-29,74.76000213623047,1762.800048828125,51.20000076293945
2021-06-30,75.12999725341797,1770.800048828125,52.31999969482422
2021-07-01,75.83999633789062,1775.9000244140625,51.15999984741211
2021-07-02,76.16999816894531,1782.5999755859375,51.63999938964844
2021-07-06,74.52999877929688,1793.5,51.43999862670898
2021-07-07,73.43000030517578,1801.5,50.15999984741211
2021-07-08,74.12000274658203,1799.5999755859375,51.43999862670898
2021-07-09,75.55000305175781,1810.0,51.560001373291016
2021-07-12,75.16000366210938,1805.5,52.400001525878906
2021-07-13,76.48999786376953,1809.4000244140625,51.63999938964844
2021-07-14,74.76000213623047,1824.300048828125,51.20000076293945
2021-07-15,73.47000122070312,1828.4000244140625,50.59999847412109
2021-07-16,73.58999633789062,1814.5,51.31999969482422
2021-07-19,68.62000274658203,1808.699951171875,52.59999847412109
2021-07-20,69.3499984741211,1810.9000244140625,54.36000061035156
2021-07-21,72.2300033569336,1802.9000244140625,54.68000030517578
2021-07-22,73.79000091552734,1805.0,55.79999923706055
2021-07-23,74.0999984741211,1801.4000244140625,56.27999877929688
2021-07-26,74.5,1798.699951171875,56.959999084472656
2021-07-27,74.4800033569336,1799.5,54.959999084472656
2021-07-28,74.73999786376953,1799.5,55.400001525878906
2021-07-29,76.05000305175781,1831.199951171875,56.7599983215332
2021-07-30,76.33000183105469,1812.5999755859373,55.040000915527344
2021-08-02,72.88999938964844,1818.0999755859373,55.43999862670898
2021-08-03,72.41000366210938,1810.0999755859373,57.0
2021-08-04,70.37999725341797,1810.5,58.27999877929688
2021-08-05,71.29000091552734,1805.0999755859373,58.36000061035156
2021-08-06,70.69999694824219,1760.0,57.91999816894531
2021-08-09,69.04000091552734,1723.4000244140625,56.59999847412109
2021-08-10,70.62999725341797,1728.800048828125,57.560001373291016
2021-08-11,71.44000244140625,1750.4000244140625,56.880001068115234
2021-08-12,71.30999755859375,1749.0,54.84000015258789
2021-08-13,70.58999633789062,1775.199951171875,54.0
2021-08-16,69.51000213623047,1786.9000244140625,55.400001525878906
2021-08-17,69.02999877929688,1785.0,53.720001220703125
2021-08-18,68.2300033569336,1781.5999755859375,53.560001373291016
2021-08-19,66.44999694824219,1780.199951171875,54.08000183105469
2021-08-20,65.18000030517578,1781.0,53.91999816894531
2021-08-23,68.75,1803.199951171875,55.27999877929688
2021-08-24,71.05000305175781,1805.5999755859373,54.68000030517578
2021-08-25,72.25,1788.199951171875,55.0
2021-08-26,71.06999969482422,1792.199951171875,58.79999923706055
2021-08-27,72.69999694824219,1816.5999755859373,61.36000061035156
2021-08-30,73.41000366210938,1809.0,60.36000061035156
2021-08-31,72.98999786376953,1815.0,61.27999877929688
2021-09-01,71.58999633789062,1813.0999755859373,64.4000015258789
2021-09-02,73.02999877929688,1808.699951171875,64.76000213623047
2021-09-03,72.61000061035156,1830.9000244140625,65.68000030517578
2021-09-07,71.69000244140625,1795.9000244140625,63.880001068115234
2021-09-08,72.5999984741211,1790.699951171875,68.72000122070312
2021-09-09,71.44999694824219,1797.4000244140625,69.95999908447266
2021-09-10,72.91999816894531,1789.5999755859375,69.4000015258789
2021-09-13,73.51000213623047,1792.0,72.4000015258789
2021-09-14,73.5999984741211,1804.699951171875,73.87999725341797
2021-09-15,75.45999908447266,1792.4000244140625,76.27999877929688
2021-09-16,75.66999816894531,1754.5999755859375,73.87999725341797
2021-09-17,75.33999633789062,1749.4000244140625,70.5999984741211
2021-09-20,73.91999816894531,1761.800048828125,69.0
2021-09-21,74.36000061035156,1776.0,67.4800033569336
2021-09-22,76.19000244140625,1776.699951171875,66.5999984741211
2021-09-23,77.25,1747.699951171875,70.5199966430664
2021-09-24,78.08999633789062,1749.699951171875,72.31999969482422
2021-09-27,79.52999877929688,1750.0,81.23999786376953
2021-09-28,79.08999633789062,1735.800048828125,80.55999755859375
2021-09-29,78.63999938964844,1721.5,75.36000061035156
2021-09-30,78.5199966430664,1755.300048828125,80.63999938964844
2021-10-01,79.27999877929688,1757.0,77.12000274658203
2021-10-04,81.26000213623047,1766.199951171875,81.55999755859375
2021-10-05,82.55999755859375,1759.5999755859375,87.12000274658203
2021-10-06,81.08000183105469,1760.5,79.0
2021-10-07,81.94999694824219,1757.9000244140625,79.5999984741211
2021-10-08,82.38999938964844,1756.300048828125,77.5199966430664
2021-10-11,83.6500015258789,1754.5999755859375,74.63999938964844
2021-10-12,83.41999816894531,1758.300048828125,75.44000244140625
2021-10-13,83.18000030517578,1793.699951171875,78.23999786376953
2021-10-14,84.0,1796.699951171875,78.44000244140625
2021-10-15,84.86000061035156,1767.199951171875,75.36000061035156
2021-10-18,84.33000183105469,1764.800048828125,69.80000305175781
2021-10-19,85.08000183105469,1769.699951171875,71.12000274658203
2021-10-20,85.81999969482422,1784.0999755859375,72.68000030517578
2021-10-21,84.61000061035156,1781.199951171875,72.63999938964844
2021-10-22,85.52999877929688,1795.5,73.5199966430664
2021-10-25,85.98999786376953,1806.0,81.5999984741211
2021-10-26,86.4000015258789,1792.699951171875,79.76000213623047
2021-10-27,84.58000183105469,1797.9000244140625,81.80000305175781
2021-10-28,84.31999969482422,1801.5999755859373,77.12000274658203
2021-10-29,84.37999725341797,1783.0,73.83999633789062
2021-11-01,84.70999908447266,1795.0999755859375,69.55999755859375
2021-11-02,84.72000122070312,1788.699951171875,73.68000030517578
2021-11-03,81.98999786376953,1763.5999755859375,77.76000213623047
2021-11-04,80.54000091552734,1793.0,76.12000274658203
2021-11-05,82.73999786376953,1816.4000244140625,75.04000091552734
2021-11-08,83.43000030517578,1827.4000244140625,72.27999877929688
2021-11-09,84.77999877929688,1830.199951171875,66.23999786376953
2021-11-10,82.63999938964844,1847.5999755859373,65.5199966430664
2021-11-11,82.87000274658203,1863.199951171875,68.4800033569336
2021-11-12,82.16999816894531,1867.9000244140625,64.27999877929688
2021-11-15,82.05000305175781,1866.0999755859373,67.16000366210938
2021-11-16,82.43000030517578,1853.5999755859373,68.72000122070312
2021-11-17,80.27999877929688,1869.699951171875,65.19999694824219
2021-11-18,81.23999786376953,1861.0,65.4800033569336
2021-11-19,78.88999938964844,1851.199951171875,66.91999816894531
2021-11-22,79.69999694824219,1806.0,63.7599983215332
2021-11-23,82.30999755859375,1783.5,66.91999816894531
2021-11-24,82.25,1784.0999755859375,66.80000305175781
2021-11-26,72.72000122070312,1785.300048828125,69.76000213623047
2021-11-29,73.44000244140625,1782.300048828125,63.52000045776367
2021-11-30,70.56999969482422,1773.5999755859375,60.31999969482422
2021-12-01,68.87000274658203,1781.5999755859375,55.63999938964844
2021-12-02,69.66999816894531,1760.699951171875,53.84000015258789
2021-12-03,69.87999725341797,1782.0,53.31999969482422
2021-12-06,73.08000183105469,1777.5,48.20000076293945
2021-12-07,75.44000244140625,1782.5999755859375,48.880001068115234
2021-12-08,75.81999969482422,1783.4000244140625,50.0
2021-12-09,74.41999816894531,1774.5999755859375,49.52000045776367
2021-12-10,75.1500015258789,1782.9000244140625,50.84000015258789
2021-12-13,74.38999938964844,1786.300048828125,50.20000076293945
2021-12-14,73.69999694824219,1770.4000244140625,49.79999923706055
2021-12-15,73.87999725341797,1762.5999755859375,49.79999923706055
2021-12-16,75.0199966430664,1796.5999755859375,49.36000061035156
2021-12-17,73.5199966430664,1803.800048828125,48.15999984741211
2021-12-20,71.5199966430664,1793.699951171875,50.040000915527344
2021-12-21,73.9800033569336,1787.9000244140625,50.040000915527344
2021-12-22,75.29000091552734,1801.5999755859373,50.880001068115234
2021-12-23,76.8499984741211,1811.199951171875,48.400001525878906
2021-12-27,78.5999984741211,1808.0999755859373,52.15999984741211
2021-12-28,78.94000244140625,1810.199951171875,51.7599983215332
2021-12-29,79.2300033569336,1805.0999755859373,50.959999084472656
2021-12-30,79.31999969482422,1812.699951171875,47.68000030517578
2021-12-31,77.77999877929688,1827.5,49.959999084472656
2022-01-03,78.9800033569336,1799.4000244140625,51.08000183105469
2022-01-04,80.0,1814.0,49.7599983215332
2022-01-05,80.80000305175781,1824.5999755859373,51.20000076293945
2022-01-06,81.98999786376953,1788.699951171875,51.20000076293945
2022-01-07,81.75,1797.0,52.08000183105469
2022-01-10,80.87000274658203,1798.4000244140625,54.959999084472656
2022-01-11,83.72000122070312,1818.5999755859373,56.27999877929688
2022-01-12,84.66999816894531,1827.199951171875,63.880001068115234
2022-01-13,84.47000122070312,1821.199951171875,56.79999923706055
2022-01-14,86.05999755859375,1816.5,56.68000030517578
2022-01-18,87.51000213623047,1812.300048828125,57.31999969482422
2022-01-19,88.44000244140625,1843.0999755859373,53.79999923706055
2022-01-20,88.37999725341797,1842.5,51.31999969482422
2022-01-21,87.88999938964844,1831.800048828125,52.400001525878906
2022-01-24,86.2699966430664,1841.699951171875,53.27999877929688
2022-01-25,88.19999694824219,1852.699951171875,54.27999877929688
2022-01-26,89.95999908447266,1829.9000244140625,55.91999816894531
2022-01-27,89.33999633789062,1793.300048828125,60.79999923706055
2022-01-28,90.02999877929688,1784.9000244140625,65.08000183105469
2022-01-31,91.20999908447266,1795.0,68.04000091552734
2022-02-01,89.16000366210938,1800.300048828125,68.4000015258789
2022-02-02,89.47000122070312,1809.199951171875,75.91999816894531
2022-02-03,91.11000061035156,1803.0,68.95999908447266
2022-02-04,93.2699966430664,1806.5999755859373,63.36000061035156
2022-02-07,92.69000244140624,1820.5999755859373,59.959999084472656
2022-02-08,90.77999877929688,1826.5999755859373,58.880001068115234
2022-02-09,91.5500030517578,1835.199951171875,56.20000076293945
2022-02-10,91.41000366210938,1836.199951171875,55.560001373291016
2022-02-11,94.44000244140624,1840.800048828125,55.79999923706055
2022-02-14,96.4800033569336,1868.0,58.20000076293945
2022-02-15,93.27999877929688,1854.800048828125,60.47999954223633
2022-02-16,94.80999755859376,1870.199951171875,63.27999877929688
2022-02-17,92.97000122070312,1900.699951171875,62.68000030517578
2022-02-18,93.54000091552734,1898.5999755859373,61.63999938964844
2022-02-22,96.83999633789062,1906.0999755859373,62.68000030517578
2022-02-23,96.83999633789062,1909.199951171875,64.4800033569336
2022-02-24,99.08000183105467,1925.0999755859373,65.16000366210938
2022-02-25,97.93000030517578,1886.5,63.27999877929688
2022-02-28,100.98999786376952,1899.4000244140625,61.84000015258789
2022-03-01,104.97000122070312,1942.4000244140625,64.44000244140625
2022-03-02,112.93000030517578,1920.9000244140625,68.08000183105469
2022-03-03,110.45999908447266,1934.4000244140625,66.55999755859375
2022-03-04,118.11000061035156,1965.0999755859373,69.36000061035156
2022-03-07,123.20999908447266,1993.9000244140625,67.80000305175781
2022-03-08,127.9800033569336,2040.0999755859373,64.27999877929688
2022-03-09,111.13999938964844,1985.9000244140625,63.63999938964844
2022-03-10,109.33000183105467,1998.0999755859373,65.27999877929688
2022-03-11,112.66999816894533,1982.699951171875,67.16000366210938
2022-03-14,106.9000015258789,1959.5999755859373,65.87999725341797
2022-03-15,99.91000366210938,1928.5,64.83999633789062
2022-03-16,98.0199966430664,1908.0,66.76000213623047
2022-03-17,106.63999938964844,1942.0999755859373,69.4800033569336
2022-03-18,107.93000030517578,1928.199951171875,68.87999725341797
2022-03-21,115.62000274658205,1928.5999755859373,69.76000213623047
2022-03-22,115.4800033569336,1920.699951171875,72.36000061035156
2022-03-23,121.5999984741211,1936.5999755859373,72.12000274658203
2022-03-24,119.02999877929688,1961.5999755859373,75.87999725341797
2022-03-25,120.6500015258789,1953.800048828125,77.95999908447266
2022-03-28,112.4800033569336,1939.5999755859373,76.87999725341797
2022-03-29,110.2300033569336,1912.0,74.4000015258789
2022-03-30,113.4499969482422,1933.5,77.5199966430664
2022-03-31,107.91000366210938,1949.199951171875,78.87999725341797
2022-04-01,104.38999938964844,1919.0999755859373,79.68000030517578
2022-04-04,107.52999877929688,1929.199951171875,80.19999694824219
2022-04-05,106.63999938964844,1922.9000244140625,84.23999786376953
2022-04-06,101.06999969482422,1918.4000244140625,84.91999816894531
2022-04-07,100.58000183105467,1933.800048828125,89.4800033569336
2022-04-08,102.77999877929688,1941.5999755859373,88.36000061035156
2022-04-11,98.4800033569336,1944.300048828125,93.1999969482422
2022-04-12,104.63999938964844,1972.0999755859373,93.5999984741211
2022-04-13,108.77999877929688,1981.0,98.4800033569336
2022-04-14,111.6999969482422,1970.9000244140625,102.4000015258789
2022-04-18,113.16000366210938,1982.9000244140625,108.5199966430664
2022-04-19,107.25,1955.699951171875,99.95999908447266
2022-04-20,106.8000030517578,1952.300048828125,96.0
2022-04-21,108.33000183105467,1944.9000244140625,96.8000030517578
2022-04-22,106.6500015258789,1931.0,90.8000030517578
2022-04-25,102.31999969482422,1893.199951171875,96.87999725341795
2022-04-26,104.98999786376952,1901.4000244140625,95.27999877929688
2022-04-27,105.31999969482422,1885.9000244140625,100.76000213623048
2022-04-28,107.58999633789062,1888.699951171875,95.4000015258789
2022-04-29,109.33999633789062,1909.300048828125,100.0
2022-05-02,107.58000183105467,1861.800048828125,104.0
2022-05-03,104.97000122070312,1868.800048828125,107.16000366210938
2022-05-04,110.13999938964844,1867.0,116.04000091552734
2022-05-05,110.9000015258789,1874.0,120.4000015258789
2022-05-06,112.38999938964844,1881.199951171875,110.72000122070312
2022-05-09,105.94000244140624,1857.0999755859373,97.23999786376952
2022-05-10,102.45999908447266,1839.9000244140625,99.16000366210938
2022-05-11,107.51000213623048,1852.5999755859373,105.5199966430664
2022-05-12,107.4499969482422,1823.800048828125,105.91999816894533
2022-05-13,111.5500030517578,1807.4000244140625,105.08000183105467
2022-05-16,114.23999786376952,1813.5,109.5999984741211
2022-05-17,111.93000030517578,1818.199951171875,113.76000213623048
2022-05-18,109.11000061035156,1815.9000244140625,113.95999908447266
2022-05-19,112.04000091552734,1841.199951171875,111.91999816894533
2022-05-20,112.5500030517578,1841.800048828125,110.91999816894533
2022-05-23,113.41999816894533,1847.800048828125,120.27999877929688
2022-05-24,113.55999755859376,1865.0999755859373,120.4800033569336
2022-05-25,114.02999877929688,1846.199951171875,122.12000274658205
2022-05-26,117.4000015258789,1847.4000244140625,118.91999816894533
2022-05-27,119.43000030517578,1851.300048828125,118.31999969482422
2022-05-31,122.83999633789062,1842.699951171875,111.63999938964844
2022-06-01,116.29000091552734,1843.300048828125,119.16000366210938
2022-06-02,117.61000061035156,1866.5,115.16000366210938
2022-06-03,119.72000122070312,1845.4000244140625,115.83999633789062
2022-06-06,119.51000213623048,1839.199951171875,126.91999816894533
2022-06-07,120.56999969482422,1847.5,126.87999725341795
2022-06-08,123.58000183105467,1851.9000244140625,117.63999938964844
2022-06-09,123.06999969482422,1848.800048828125,121.4800033569336
2022-06-10,122.01000213623048,1871.5,118.87999725341795
2022-06-13,122.2699966430664,1828.0,117.63999938964844
2022-06-14,121.16999816894533,1809.5,98.87999725341795
2022-06-15,118.51000213623048,1815.300048828125,101.8000030517578
2022-06-16,119.80999755859376,1845.699951171875,101.08000183105467
2022-06-17,113.12000274658205,1835.5999755859373,94.72000122070312
2022-06-21,114.6500015258789,1834.5999755859373,92.8000030517578
2022-06-22,111.73999786376952,1834.300048828125,92.83999633789062
2022-06-23,110.0500030517578,1825.699951171875,85.36000061035156
2022-06-24,113.12000274658205,1826.5,85.16000366210938
2022-06-27,115.08999633789062,1820.9000244140625,88.44000244140625
2022-06-28,117.9800033569336,1817.5,90.5999984741211
2022-06-29,116.26000213623048,1813.699951171875,87.4800033569336
2022-06-30,114.80999755859376,1804.0999755859373,76.04000091552734
2022-07-01,111.62999725341795,1798.9000244140625,77.23999786376953
2022-07-05,102.7699966430664,1761.800048828125,74.63999938964844
2022-07-06,100.69000244140624,1734.9000244140625,75.4000015258789
2022-07-07,104.6500015258789,1737.9000244140625,84.55999755859375
2022-07-08,107.0199966430664,1740.5999755859375,82.27999877929688
2022-07-11,107.0999984741211,1730.0,88.12000274658203
2022-07-12,99.48999786376952,1723.300048828125,84.83999633789062
2022-07-13,99.56999969482422,1734.199951171875,89.72000122070312
2022-07-14,99.0999984741211,1704.5,90.8000030517578
2022-07-15,101.16000366210938,1702.4000244140625,96.95999908447266
2022-07-18,106.2699966430664,1709.199951171875,101.36000061035156
2022-07-19,107.3499984741211,1710.0,99.72000122070312
2022-07-20,106.91999816894533,1699.5,107.12000274658205
2022-07-21,103.86000061035156,1712.699951171875,108.08000183105467
2022-07-22,103.1999969482422,1727.0999755859375,113.1999969482422
2022-07-25,105.1500015258789,1719.0,118.83999633789062
2022-07-26,104.4000015258789,1717.699951171875,120.4800033569336
2022-07-27,106.62000274658205,1719.0999755859375,118.95999908447266
2022-07-28,107.13999938964844,1750.300048828125,113.36000061035156
2022-07-29,110.01000213623048,1762.9000244140625,114.4800033569336
2022-08-01,100.02999877929688,1769.0,114.0
2022-08-02,100.54000091552734,1771.0999755859375,105.63999938964844
2022-08-03,96.77999877929688,1758.0,114.12000274658205
2022-08-04,94.12000274658205,1788.5,112.68000030517578
2022-08-05,94.91999816894533,1772.9000244140625,110.27999877929688
2022-08-08,96.6500015258789,1786.800048828125,105.12000274658205
2022-08-09,96.30999755859376,1794.0,107.83999633789062
2022-08-10,97.4000015258789,1795.5999755859375,113.55999755859376
2022-08-11,99.5999984741211,1789.699951171875,120.44000244140624
2022-08-12,98.1500015258789,1798.5999755859375,121.04000091552734
2022-08-15,95.0999984741211,1781.4000244140625,122.23999786376952
2022-08-16,92.33999633789062,1773.199951171875,129.0800018310547
2022-08-17,93.6500015258789,1760.300048828125,127.5199966430664
2022-08-18,96.58999633789062,1755.300048828125,127.04000091552734
2022-08-19,96.72000122070312,1747.5999755859375,128.1999969482422
2022-08-22,96.4800033569336,1734.0,135.16000366210938
2022-08-23,100.22000122070312,1746.800048828125,128.0399932861328
2022-08-24,101.22000122070312,1747.800048828125,127.44000244140624
2022-08-25,99.33999633789062,1757.699951171875,129.1999969482422
2022-08-26,100.98999786376952,1736.0999755859375,127.95999908447266
2022-08-29,105.08999633789062,1736.5999755859375,127.76000213623048
2022-08-30,99.30999755859376,1723.199951171875,125.5999984741211
2022-08-31,96.48999786376952,1712.800048828125,126.5999984741211
2022-09-01,92.36000061035156,1696.5999755859375,126.95999908447266
2022-09-02,93.0199966430664,1709.800048828125,122.83999633789062
2022-09-06,92.83000183105467,1700.4000244140625,111.1999969482422
2022-09-07,88.0,1715.300048828125,108.04000091552734
2022-09-08,89.1500015258789,1708.0,110.12000274658205
2022-09-09,92.83999633789062,1716.199951171875,111.55999755859376
2022-09-12,94.0,1728.0999755859375,116.04000091552734
2022-09-13,93.16999816894533,1705.0,116.5199966430664
2022-09-14,94.0999984741211,1696.5,125.8000030517578
2022-09-15,90.83999633789062,1665.4000244140625,114.63999938964844
2022-09-16,91.3499984741211,1671.699951171875,107.8000030517578
2022-09-19,92.0,1666.199951171875,109.4000015258789
2022-09-20,90.62000274658205,1659.699951171875,106.68000030517578
2022-09-21,89.83000183105469,1664.5999755859375,107.87999725341795
2022-09-22,90.45999908447266,1670.800048828125,100.5999984741211
2022-09-23,86.1500015258789,1645.300048828125,96.27999877929688
2022-09-26,84.05999755859375,1623.300048828125,96.83999633789062
2022-09-27,86.2699966430664,1626.699951171875,93.63999938964844
2022-09-28,89.31999969482422,1660.4000244140625,96.36000061035156
2022-09-29,88.48999786376953,1658.5,94.8000030517578
2022-09-30,87.95999908447266,1662.4000244140625,93.5199966430664
2022-10-03,88.86000061035156,1692.9000244140625,89.83999633789062
2022-10-04,91.8000030517578,1721.0999755859375,93.95999908447266
2022-10-05,93.37000274658205,1711.4000244140625,95.76000213623048
2022-10-06,94.41999816894533,1711.699951171875,95.36000061035156
2022-10-07,97.91999816894533,1700.5,91.76000213623048
2022-10-10,96.19000244140624,1667.300048828125,89.80000305175781
2022-10-11,94.29000091552734,1678.699951171875,90.4800033569336
2022-10-12,92.4499969482422,1670.300048828125,88.44000244140625
2022-10-13,94.56999969482422,1670.0,92.16000366210938
2022-10-14,91.62999725341795,1641.699951171875,89.44000244140625
2022-10-17,91.62000274658205,1657.0,83.36000061035156
2022-10-18,90.02999877929688,1649.0,80.16000366210938
2022-10-19,92.41000366210938,1627.5,76.27999877929688
2022-10-20,92.37999725341795,1630.800048828125,75.31999969482422
2022-10-21,93.5,1651.0,71.27999877929688
2022-10-24,93.26000213623048,1648.699951171875,74.31999969482422
2022-10-25,93.5199966430664,1652.800048828125,80.0
2022-10-26,95.69000244140624,1664.0,79.31999969482422
2022-10-27,96.95999908447266,1660.699951171875,75.63999938964844
2022-10-28,95.7699966430664,1639.5999755859375,74.76000213623047
2022-10-31,94.83000183105467,1635.9000244140625,81.5199966430664
2022-11-01,94.6500015258789,1645.0,75.36000061035156
2022-11-02,96.16000366210938,1645.699951171875,79.63999938964844
2022-11-03,94.66999816894533,1627.300048828125,76.4000015258789
2022-11-04,98.56999969482422,1672.5,83.27999877929688
2022-11-07,97.91999816894533,1676.5,86.80000305175781
2022-11-08,95.36000061035156,1712.0999755859375,80.80000305175781
2022-11-09,92.6500015258789,1710.0999755859375,76.63999938964844
2022-11-10,93.66999816894533,1750.300048828125,79.5199966430664
2022-11-11,95.98999786376952,1766.0,76.63999938964844
2022-11-14,93.13999938964844,1773.5999755859375,78.08000183105469
2022-11-15,93.86000061035156,1773.800048828125,79.08000183105469
2022-11-16,92.86000061035156,1773.0,80.36000061035156
2022-11-17,89.77999877929688,1760.800048828125,82.4000015258789
2022-11-18,87.62000274658203,1751.9000244140625,82.23999786376953
2022-11-21,87.44999694824219,1737.4000244140625,87.16000366210938
2022-11-22,88.36000061035156,1738.300048828125,91.4000015258789
2022-11-23,85.41000366210938,1744.9000244140625,94.04000091552734
2022-11-25,83.62999725341797,1753.300048828125,90.8000030517578
2022-11-28,83.19000244140625,1740.0999755859375,89.44000244140625
2022-11-29,83.02999877929688,1748.4000244140625,88.55999755859375
2022-11-30,85.43000030517578,1746.0,84.87999725341797
2022-12-01,86.87999725341797,1801.0999755859375,83.4800033569336
2022-12-02,85.56999969482422,1795.9000244140625,76.31999969482422
2022-12-05,82.68000030517578,1767.4000244140625,68.4000015258789
2022-12-06,79.3499984741211,1769.300048828125,65.55999755859375
2022-12-07,77.16999816894531,1785.5,70.95999908447266
2022-12-08,76.1500015258789,1788.699951171875,73.0
2022-12-09,76.0999984741211,1798.0999755859375,77.04000091552734
2022-12-12,77.98999786376953,1780.5,79.63999938964844
2022-12-13,80.68000030517578,1813.9000244140625,85.08000183105469
2022-12-14,82.69999694824219,1807.5,77.87999725341797
2022-12-15,81.20999908447266,1777.199951171875,83.68000030517578
2022-12-16,79.04000091552734,1790.0,80.4000015258789
2022-12-19,79.80000305175781,1787.699951171875,72.0
2022-12-20,79.98999786376953,1815.9000244140625,66.44000244140625
2022-12-21,82.19999694824219,1815.9000244140625,67.4000015258789
2022-12-22,80.9800033569336,1787.0,63.2400016784668
2022-12-23,83.91999816894531,1795.9000244140625,63.63999938964844
2022-12-27,84.33000183105469,1814.800048828125,64.4800033569336
2022-12-28,83.26000213623047,1807.9000244140625,60.20000076293945
2022-12-29,82.26000213623047,1819.5,58.15999984741211
2022-12-30,85.91000366210938,1819.699951171875,56.400001525878906
2023-01-03,82.0999984741211,1839.699951171875,51.119998931884766
2023-01-04,77.83999633789062,1852.800048828125,52.91999816894531
2023-01-05,78.69000244140625,1834.800048828125,47.84000015258789
2023-01-06,78.56999969482422,1864.199951171875,47.560001373291016
2023-01-09,79.6500015258789,1872.699951171875,49.720001220703125
2023-01-10,80.0999984741211,1871.5999755859373,45.720001220703125
2023-01-11,82.66999816894531,1874.5999755859373,46.880001068115234
2023-01-12,84.02999877929688,1895.5,47.040000915527344
2023-01-13,85.27999877929688,1918.4000244140625,44.119998931884766
2023-01-17,85.91999816894531,1907.199951171875,46.20000076293945
2023-01-18,84.9800033569336,1904.4000244140625,42.47999954223633
2023-01-19,86.16000366210938,1922.0999755859373,42.040000915527344
2023-01-20,87.62999725341797,1926.4000244140625,41.040000915527344
2023-01-23,88.19000244140625,1927.0999755859373,44.040000915527344
2023-01-24,86.12999725341797,1933.9000244140625,41.959999084472656
2023-01-25,86.12000274658203,1941.199951171875,39.2400016784668
2023-01-26,87.47000122070312,1929.0999755859373,38.47999954223633
2023-01-27,86.66000366210938,1928.5999755859373,39.2400016784668
2023-01-30,84.9000015258789,1922.9000244140625,36.47999954223633
2023-01-31,84.48999786376953,1929.5,37.27999877929688
2023-02-01,82.83999633789062,1927.800048828125,34.0
2023-02-02,82.16999816894531,1916.300048828125,33.52000045776367
2023-02-03,79.94000244140625,1862.9000244140625,32.7599983215332
2023-02-06,80.98999786376953,1866.199951171875,34.0
2023-02-07,83.69000244140625,1871.699951171875,35.47999954223633
2023-02-08,85.08999633789062,1877.4000244140625,32.91999816894531
2023-02-09,84.5,1866.199951171875,33.400001525878906
2023-02-10,86.38999938964844,1862.800048828125,35.15999984741211
2023-02-13,86.61000061035156,1851.9000244140625,33.31999969482422
2023-02-14,85.58000183105469,1854.0,35.400001525878906
2023-02-15,85.37999725341797,1834.199951171875,33.68000030517578
2023-02-16,85.13999938964844,1842.0,33.040000915527344
2023-02-17,83.0,1840.4000244140625,31.040000915527344
2023-02-21,83.05000305175781,1833.0,28.84000015258789
2023-02-22,80.5999984741211,1832.0,30.31999969482422
2023-02-23,82.20999908447266,1818.0,32.279998779296875
2023-02-24,83.16000366210938,1808.800048828125,33.959999084472656
2023-02-27,82.44999694824219,1817.0,35.84000015258789
2023-02-28,83.88999938964844,1828.9000244140625,36.47999954223633
2023-03-01,84.30999755859375,1837.699951171875,37.20000076293945
2023-03-02,84.75,1833.5,36.68000030517578
2023-03-03,85.83000183105469,1847.699951171875,39.52000045776367
2023-03-06,86.18000030517578,1847.9000244140625,34.599998474121094
2023-03-07,83.29000091552734,1813.9000244140625,35.08000183105469
2023-03-08,82.66000366210938,1812.699951171875,34.31999969482422
2023-03-09,81.58999633789062,1829.300048828125,32.959999084472656
2023-03-10,82.77999877929688,1862.0,32.15999984741211
2023-03-13,80.7699966430664,1911.699951171875,34.599998474121094
2023-03-14,77.44999694824219,1906.199951171875,34.279998779296875
2023-03-15,73.69000244140625,1926.5999755859373,32.400001525878906
2023-03-16,74.69999694824219,1919.0,33.36000061035156
2023-03-17,72.97000122070312,1969.800048828125,31.200000762939453
2023-03-20,73.79000091552734,1979.199951171875,29.84000015258789
2023-03-21,75.31999969482422,1938.0,30.920000076293945
2023-03-22,76.69000244140625,1946.800048828125,29.520000457763672
2023-03-23,75.91000366210938,1993.800048828125,28.71999931335449
2023-03-24,74.98999786376953,1982.0999755859373,29.31999969482422
2023-03-27,78.12000274658203,1952.4000244140625,28.280000686645508
2023-03-28,78.6500015258789,1972.4000244140625,27.31999969482422
2023-03-29,78.27999877929688,1966.0999755859373,27.600000381469727
2023-03-30,79.2699966430664,1980.300048828125,26.71999931335449
2023-03-31,79.7699966430664,1969.0,27.76000022888184
2023-04-03,84.93000030517578,1983.9000244140625,26.84000015258789
2023-04-04,84.94000244140625,2022.199951171875,26.440000534057617
2023-04-05,84.98999786376953,2020.9000244140625,27.15999984741211
2023-04-06,85.12000274658203,2011.9000244140625,25.63999938964844
2023-04-10,84.18000030517578,1989.0999755859373,27.399999618530277
2023-04-11,85.61000061035156,2004.800048828125,28.239999771118164
2023-04-12,87.33000183105469,2010.9000244140625,26.600000381469727
2023-04-13,86.08999633789062,2041.300048828125,25.63999938964844
2023-04-14,86.30999755859375,2002.199951171875,26.76000022888184
2023-04-17,84.76000213623047,1994.199951171875,28.520000457763672
2023-04-18,84.7699966430664,2007.4000244140625,29.399999618530277
2023-04-19,83.12000274658203,1995.199951171875,27.959999084472656
2023-04-20,81.0999984741211,2007.5999755859373,28.07999992370605
2023-04-21,81.66000366210938,1979.5,28.0
2023-04-24,82.7300033569336,1989.0999755859373,28.76000022888184
2023-04-25,80.7699966430664,1994.0,28.0
2023-04-26,77.69000244140625,1985.699951171875,27.040000915527344
2023-04-27,78.37000274658203,1989.9000244140625,27.520000457763672
2023-04-28,79.54000091552734,1990.0999755859373,28.040000915527344
2023-05-01,79.30999755859375,1983.4000244140625,27.040000915527344
2023-05-02,75.31999969482422,2014.300048828125,25.959999084472656
2023-05-03,72.33000183105469,2028.5999755859373,25.239999771118164
2023-05-04,72.5,2048.0,24.440000534057617
2023-05-05,75.30000305175781,2017.4000244140625,24.68000030517578
2023-05-08,77.01000213623047,2026.300048828125,26.1200008392334
2023-05-09,77.44000244140625,2036.199951171875,26.520000457763672
2023-05-10,76.41000366210938,2030.5,25.600000381469727
2023-05-11,74.9800033569336,2014.699951171875,25.559999465942383
2023-05-12,74.16999816894531,2014.5,26.559999465942383
2023-05-15,75.2300033569336,2018.0,27.76000022888184
2023-05-16,74.91000366210938,1988.4000244140625,27.440000534057617
2023-05-17,76.95999908447266,1980.699951171875,27.600000381469727
2023-05-18,75.86000061035156,1956.5,29.920000076293945
2023-05-19,75.58000183105469,1978.699951171875,29.84000015258789
2023-05-22,75.98999786376953,1974.800048828125,28.0
2023-05-23,76.83999633789062,1972.4000244140625,27.520000457763672
2023-05-24,78.36000061035156,1962.800048828125,28.239999771118164
2023-05-25,76.26000213623047,1943.0999755859373,27.040000915527344
2023-05-26,76.94999694824219,1944.0999755859373,26.559999465942383
2023-05-30,73.54000091552734,1958.0,25.31999969482422
2023-05-31,72.66000366210938,1963.9000244140625,24.799999237060547
2023-06-01,74.27999877929688,1978.0,23.76000022888184
2023-06-02,76.12999725341797,1952.4000244140625,23.920000076293945
2023-06-05,76.70999908447266,1958.0,24.71999931335449
2023-06-06,76.29000091552734,1965.5,24.84000015258789
2023-06-07,76.94999694824219,1942.699951171875,25.559999465942383
2023-06-08,75.95999908447266,1963.5999755859373,25.68000030517578
2023-06-09,74.79000091552734,1962.199951171875,24.8799991607666
2023-06-12,71.83999633789062,1955.300048828125,24.959999084472656
2023-06-13,74.29000091552734,1944.5999755859373,25.68000030517578
2023-06-14,73.19999694824219,1955.300048828125,25.799999237060547
2023-06-15,75.66999816894531,1957.800048828125,28.07999992370605
2023-06-16,76.61000061035156,1958.4000244140625,28.76000022888184
2023-06-20,75.9000015258789,1935.5,27.399999618530277
2023-06-21,77.12000274658203,1933.300048828125,28.559999465942383
2023-06-22,74.13999938964844,1912.699951171875,28.68000030517578
2023-06-23,73.8499984741211,1919.0999755859373,30.200000762939453
2023-06-26,74.18000030517578,1923.699951171875,30.799999237060547
2023-06-27,72.26000213623047,1914.0,29.8799991607666
2023-06-28,74.02999877929688,1912.300048828125,28.36000061035156
2023-06-29,74.33999633789062,1909.199951171875,28.71999931335449
2023-06-30,74.9000015258789,1921.0999755859373,29.68000030517578
2023-07-03,74.6500015258789,1921.699951171875,28.959999084472656
2023-07-05,76.6500015258789,1919.5999755859373,28.440000534057617
2023-07-06,76.5199966430664,1908.699951171875,28.15999984741211
2023-07-07,78.47000122070312,1926.199951171875,27.440000534057617
2023-07-10,77.69000244140625,1925.0,28.440000534057617
2023-07-11,79.4000015258789,1931.300048828125,29.200000762939453
2023-07-12,80.11000061035156,1956.199951171875,28.31999969482422
2023-07-13,81.36000061035156,1959.199951171875,27.280000686645508
2023-07-14,79.87000274658203,1960.0999755859373,27.15999984741211
2023-07-17,78.5,1952.4000244140625,27.07999992370605
2023-07-18,79.62999725341797,1977.199951171875,28.0
2023-07-19,79.45999908447266,1977.5,28.0
2023-07-20,79.63999938964844,1968.300048828125,29.1200008392334
2023-07-21,81.06999969482422,1964.300048828125,29.07999992370605
2023-07-24,82.73999786376953,1960.300048828125,28.959999084472656
2023-07-25,83.63999938964844,1962.0999755859373,29.36000061035156
2023-07-26,82.91999816894531,1968.9000244140625,28.8799991607666
2023-07-27,84.23999786376953,1945.4000244140625,28.0
2023-07-28,84.98999786376953,1960.4000244140625,28.36000061035156
2023-07-31,85.55999755859375,1970.5,28.440000534057617
2023-08-01,84.91000366210938,1940.699951171875,27.68000030517578
2023-08-02,83.19999694824219,1937.4000244140625,26.68000030517578
2023-08-03,85.13999938964844,1932.0,27.520000457763672
2023-08-04,86.23999786376953,1939.5999755859373,27.799999237060547
2023-08-07,85.33999633789062,1933.5,29.600000381469727
2023-08-08,86.16999816894531,1924.0999755859373,30.07999992370605
2023-08-09,87.55000305175781,1915.4000244140625,31.8799991607666
2023-08-10,86.4000015258789,1914.4000244140625,29.920000076293945
2023-08-11,86.80999755859375,1912.9000244140625,29.959999084472656
2023-08-14,86.20999908447266,1910.5999755859373,30.07999992370605
2023-08-15,84.88999938964844,1902.5,28.68000030517578
2023-08-16,83.44999694824219,1896.0999755859373,28.0
2023-08-17,84.12000274658203,1884.0999755859373,28.280000686645508
2023-08-18,84.80000305175781,1886.0999755859373,27.76000022888184
2023-08-21,84.45999908447266,1893.300048828125,27.8799991607666
2023-08-22,84.02999877929688,1896.4000244140625,27.1200008392334
2023-08-23,83.20999908447266,1918.5,26.440000534057617
2023-08-24,83.36000061035156,1918.199951171875,26.959999084472656
2023-08-25,84.4800033569336,1911.0999755859373,27.440000534057617
2023-08-28,84.41999816894531,1917.9000244140625,27.399999618530277
2023-08-29,85.48999786376953,1936.5,27.440000534057617
2023-08-30,85.86000061035156,1944.300048828125,28.799999237060547
2023-08-31,86.86000061035156,1938.199951171875,28.440000534057617
2023-09-01,88.55000305175781,1939.800048828125,28.200000762939453
2023-09-05,90.04000091552734,1926.199951171875,26.600000381469727
2023-09-06,90.5999984741211,1918.0999755859373,25.920000076293945
2023-09-07,89.91999816894531,1917.5,26.600000381469727
2023-09-08,90.6500015258789,1918.4000244140625,26.84000015258789
2023-09-11,90.63999938964844,1923.300048828125,26.84000015258789
2023-09-12,92.05999755859376,1911.300048828125,28.200000762939453
2023-09-13,91.87999725341795,1909.0999755859373,27.799999237060547
2023-09-14,93.6999969482422,1910.0,27.71999931335449
2023-09-15,93.93000030517578,1923.699951171875,27.239999771118164
2023-09-18,94.43000030517578,1931.5,27.799999237060547
2023-09-19,94.33999633789062,1932.0,28.1200008392334
2023-09-20,93.52999877929688,1945.5999755859373,27.15999984741211
2023-09-21,93.3000030517578,1919.199951171875,26.479999542236328
2023-09-22,93.2699966430664,1925.4000244140625,26.799999237060547
2023-09-25,93.29000091552734,1916.5999755859373,26.959999084472656
2023-09-26,93.95999908447266,1900.4000244140625,26.440000534057617
2023-09-27,96.5500030517578,1871.5999755859373,26.8799991607666
2023-09-28,95.37999725341795,1860.4000244140625,27.36000061035156
2023-09-29,95.30999755859376,1848.0999755859373,27.31999969482422
2023-10-02,90.70999908447266,1830.0,26.520000457763672
2023-10-03,90.91999816894533,1824.5999755859373,27.440000534057617
2023-10-04,85.80999755859375,1818.5,27.920000076293945
2023-10-05,84.06999969482422,1816.5999755859373,29.63999938964844
2023-10-06,84.58000183105469,1830.199951171875,30.959999084472656
2023-10-09,88.1500015258789,1849.5,31.520000457763672
2023-10-10,87.6500015258789,1861.0,31.600000381469727
2023-10-11,85.81999969482422,1872.800048828125,31.600000381469727
2023-10-12,86.0,1869.300048828125,31.200000762939453
2023-10-13,90.88999938964844,1927.4000244140625,30.0
2023-10-16,89.6500015258789,1921.0999755859373,29.1200008392334
2023-10-17,89.9000015258789,1922.699951171875,28.71999931335449
2023-10-18,91.5,1955.300048828125,28.71999931335449
2023-10-19,92.37999725341795,1968.4000244140625,27.63999938964844
2023-10-20,92.16000366210938,1982.5,27.1200008392334
2023-10-23,89.83000183105469,1976.300048828125,27.239999771118164
2023-10-24,88.06999969482422,1975.0,27.84000015258789
2023-10-25,90.12999725341795,1984.0999755859373,28.280000686645508
2023-10-26,87.93000030517578,1987.199951171875,29.239999771118164
2023-10-27,90.4800033569336,1988.5999755859373,28.799999237060547
2023-10-30,87.44999694824219,1996.199951171875,27.799999237060547
2023-10-31,87.41000366210938,1985.199951171875,30.0
2023-11-01,84.62999725341797,1978.800048828125,29.07999992370605
2023-11-02,86.8499984741211,1985.5999755859373,29.15999984741211
2023-11-03,84.88999938964844,1991.5,29.040000915527344
2023-11-06,85.18000030517578,1981.5999755859373,27.280000686645508
2023-11-07,81.61000061035156,1966.800048828125,26.440000534057617
2023-11-08,79.54000091552734,1951.5,26.15999984741211
2023-11-09,80.01000213623047,1964.199951171875,25.36000061035156
2023-11-10,81.43000030517578,1932.5999755859373,25.31999969482422
2023-11-13,82.5199966430664,1945.5,26.8799991607666
2023-11-14,82.47000122070312,1961.800048828125,25.84000015258789
2023-11-15,81.18000030517578,1960.0999755859373,26.239999771118164
2023-11-16,77.41999816894531,1983.9000244140625,25.479999542236328
2023-11-17,80.61000061035156,1981.5999755859373,24.63999938964844
2023-11-20,82.31999969482422,1977.699951171875,23.959999084472656
2023-11-21,82.44999694824219,1999.300048828125,23.559999465942383
2023-11-22,81.95999908447266,1991.4000244140625,23.920000076293945
2023-11-23,81.37000274658203,1991.4000244140625,23.920000076293945
2023-11-24,80.58000183105469,2002.199951171875,23.63999938964844
2023-11-27,79.9800033569336,2011.800048828125,23.200000762939453
2023-11-28,81.68000030517578,2039.699951171875,22.07999992370605
2023-11-29,83.0999984741211,2047.0999755859373,22.040000915527344
2023-11-30,82.83000183105469,2038.0999755859373,22.07999992370605
2023-12-01,78.87999725341797,2071.0,21.799999237060547
2023-12-04,78.02999877929688,2024.0999755859373,21.36000061035156
2023-12-05,77.19999694824219,2018.5,21.36000061035156
2023-12-06,74.30000305175781,2030.5,20.239999771118164
2023-12-07,74.05000305175781,2029.9000244140625,20.280000686645508
2023-12-08,75.83999633789062,1998.300048828125,20.07999992370605
2023-12-11,76.02999877929688,1978.0,19.239999771118164
2023-12-12,73.23999786376953,1977.800048828125,18.07999992370605
2023-12-13,74.26000213623047,1982.300048828125,18.399999618530277
2023-12-14,76.61000061035156,2030.199951171875,19.040000915527344
2023-12-15,76.55000305175781,2021.0999755859373,19.31999969482422
2023-12-18,77.94999694824219,2026.300048828125,19.559999465942383
2023-12-19,79.2300033569336,2038.4000244140625,19.600000381469727
2023-12-20,79.69999694824219,2034.5,18.799999237060547
2023-12-21,79.38999938964844,2039.0999755859373,19.959999084472656
2023-12-22,79.06999969482422,2057.10009765625,20.15999984741211
2023-12-26,81.06999969482422,2058.199951171875,19.71999931335449
2023-12-27,79.6500015258789,2081.89990234375,19.799999237060547
2023-12-28,78.38999938964844,2073.89990234375,20.559999465942383
2023-12-29,77.04000091552734,2062.39990234375,20.280000686645508
2024-01-02,75.88999938964844,2064.39990234375,20.76000022888184
2024-01-03,78.25,2034.199951171875,21.76000022888184
2024-01-04,77.58999633789062,2042.300048828125,23.07999992370605
2024-01-05,78.76000213623047,2042.4000244140625,23.36000061035156
2024-01-08,76.12000274658203,2026.5999755859373,24.040000915527344
2024-01-09,77.58999633789062,2026.4000244140625,25.920000076293945
2024-01-10,76.80000305175781,2021.699951171875,24.600000381469727
2024-01-11,77.41000366210938,2014.300048828125,25.15999984741211
2024-01-12,78.29000091552734,2046.699951171875,27.280000686645508
2024-01-16,78.29000091552734,2026.0,23.1200008392334
2024-01-17,77.87999725341797,2002.5999755859373,23.280000686645508
2024-01-18,79.0999984741211,2018.5999755859373,22.239999771118164
2024-01-19,78.55999755859375,2026.5,20.799999237060547
2024-01-22,80.05999755859375,2019.800048828125,19.68000030517578
2024-01-23,79.55000305175781,2023.699951171875,20.1200008392334
2024-01-24,80.04000091552734,2013.9000244140625,21.059999465942383
2024-01-25,82.43000030517578,2016.9000244140625,20.100000381469727
2024-01-26,83.55000305175781,2016.800048828125,20.13999938964844
2024-01-29,82.4000015258789,2025.199951171875,19.1299991607666
2024-01-30,82.87000274658203,2031.5,19.399999618530277
2024-01-31,81.70999908447266,2048.39990234375,19.6299991607666
2024-02-01,78.69999694824219,2053.0,18.90999984741211
2024-02-02,77.33000183105469,2036.0999755859373,19.36000061035156
2024-02-05,77.98999786376953,2025.699951171875,19.25
2024-02-06,78.58999633789062,2034.5,18.540000915527344
2024-02-07,79.20999908447266,2035.199951171875,18.239999771118164
2024-02-08,81.62999725341797,2032.199951171875,17.420000076293945
2024-02-09,82.19000244140625,2023.300048828125,17.149999618530273
2024-02-12,82.0,2018.199951171875,16.170000076293945
2024-02-13,82.7699966430664,1992.9000244140625,15.520000457763672
2024-02-14,81.5999984741211,1990.300048828125,14.890000343322754
2024-02-15,82.86000061035156,2002.0999755859373,14.8100004196167
2024-02-16,83.47000122070312,2011.5,14.989999771118164
2024-02-20,82.33999633789062,2027.5,14.770000457763672
2024-02-21,83.02999877929688,2022.300048828125,16.6200008392334
2024-02-22,83.66999816894531,2019.699951171875,16.280000686645508
2024-02-23,81.62000274658203,2038.5999755859373,15.210000038146973
2024-02-26,82.52999877929688,2028.5,15.619999885559082
2024-02-27,83.6500015258789,2034.0,16.170000076293945
2024-02-28,83.68000030517578,2033.0,16.729999542236328
2024-02-29,83.62000274658203,2045.699951171875,16.540000915527344
2024-03-01,83.55000305175781,2086.89990234375,16.420000076293945
2024-03-04,82.80000305175781,2117.699951171875,17.299999237060547
2024-03-05,82.04000091552734,2133.5,17.510000228881836
2024-03-06,82.95999908447266,2150.300048828125,17.290000915527344
2024-03-07,82.95999908447266,2158.0,16.030000686645508
2024-03-08,82.08000183105469,2178.60009765625,16.1299991607666
2024-03-11,82.20999908447266,2182.5,15.6899995803833
2024-03-12,81.91999816894531,2160.39990234375,15.3100004196167
2024-03-13,84.02999877929688,2175.39990234375,14.90999984741211
2024-03-14,85.41999816894531,2163.0,15.56999969482422
2024-03-15,85.33999633789062,2157.300048828125,15.130000114440918
2024-03-18,86.88999938964844,2160.699951171875,15.34000015258789
2024-03-19,87.37999725341797,2156.300048828125,15.640000343322754
2024-03-20,85.94999694824219,2157.89990234375,15.369999885559082
2024-03-21,85.77999877929688,2182.39990234375,15.31999969482422
2024-03-22,85.43000030517578,2158.10009765625,15.109999656677246
2024-03-25,86.75,2174.800048828125,15.039999961853027
2024-03-26,86.25,2175.60009765625,14.960000038146973
2024-03-27,86.08999633789062,2190.60009765625,14.350000381469728
2024-03-28,87.4800033569336,2217.39990234375,14.56999969482422
2024-04-01,87.41999816894531,2236.5,15.390000343322754
2024-04-02,88.91999816894531,2261.0,15.479999542236328
2024-04-03,89.3499984741211,2294.39990234375,15.460000038146973
2024-04-04,90.6500015258789,2288.800048828125,14.899999618530272
2024-04-05,91.16999816894533,2325.699951171875,14.869999885559082
2024-04-08,90.37999725341795,2331.699951171875,15.40999984741211
2024-04-09,89.41999816894531,2343.5,15.850000381469728
2024-04-10,90.4800033569336,2329.60009765625,15.670000076293944
2024-04-11,89.73999786376953,2354.800048828125,14.850000381469728
2024-04-12,90.4499969482422,2356.199951171875,14.890000343322754
2024-04-15,90.0999984741211,2365.800048828125,14.140000343322754
2024-04-16,90.0199966430664,2390.800048828125,14.479999542236328
2024-04-17,87.29000091552734,2371.699951171875,14.380000114440918
2024-04-18,87.11000061035156,2382.300048828125,14.420000076293944
2024-04-19,87.29000091552734,2398.39990234375,14.520000457763672
2024-04-22,87.0,2332.199951171875,15.039999961853027
2024-04-23,88.41999816894531,2327.699951171875,15.4399995803833
2024-04-24,88.0199966430664,2324.5,14.359999656677246
2024-04-25,89.01000213623047,2329.800048828125,14.369999885559082
2024-04-26,89.5,2334.800048828125,14.0600004196167
2024-04-29,88.4000015258789,2345.39990234375,14.90999984741211
2024-04-30,87.86000061035156,2291.39990234375,14.4399995803833
2024-05-01,83.44000244140625,2299.89990234375,14.140000343322754
2024-05-02,83.66999816894531,2299.199951171875,14.859999656677246
2024-05-03,82.95999908447266,2299.0,15.670000076293944
2024-05-06,83.33000183105469,2321.60009765625,16.059999465942383
2024-05-07,83.16000366210938,2315.199951171875,16.170000076293945
2024-05-08,83.58000183105469,2313.60009765625,15.949999809265137
2024-05-09,83.87999725341797,2332.10009765625,16.920000076293945
2024-05-10,82.79000091552734,2367.300048828125,16.520000457763672
2024-05-13,83.36000061035156,2336.10009765625,17.309999465942383
2024-05-14,82.37999725341797,2353.39990234375,17.170000076293945
2024-05-15,82.75,2388.699951171875,17.600000381469727
2024-05-16,83.2699966430664,2380.0,18.170000076293945
2024-05-17,83.9800033569336,2412.199951171875,19.100000381469727
2024-05-20,83.70999908447266,2433.89990234375,19.81999969482422
2024-05-21,82.87999725341797,2421.699951171875,19.489999771118164
2024-05-22,81.9000015258789,2389.199951171875,20.549999237060547
2024-05-23,81.36000061035156,2335.0,20.1200008392334
2024-05-24,82.12000274658203,2332.5,19.020000457763672
2024-05-28,84.22000122070312,2355.199951171875,19.36000061035156
2024-05-29,83.5999984741211,2340.300048828125,18.21999931335449
2024-05-30,81.86000061035156,2342.89990234375,17.559999465942383
2024-05-31,81.62000274658203,2322.89990234375,17.59000015258789
2024-06-03,78.36000061035156,2346.60009765625,18.920000076293945
2024-06-04,77.5199966430664,2325.5,18.020000457763672
2024-06-05,78.41000366210938,2354.10009765625,18.940000534057617
2024-06-06,79.87000274658203,2370.300048828125,19.299999237060547
2024-06-07,79.62000274658203,2305.199951171875,20.18000030517578
2024-06-10,81.62999725341797,2307.699951171875,20.190000534057617
2024-06-11,81.91999816894531,2307.5,21.530000686645508
2024-06-12,82.5999984741211,2336.0,20.82999992370605
2024-06-13,82.75,2300.199951171875,20.11000061035156
2024-06-14,82.62000274658203,2331.39990234375,19.86000061035156
2024-06-17,84.25,2312.39990234375,19.15999984741211
2024-06-18,85.33000183105469,2330.39990234375,19.940000534057617
2024-06-20,85.70999908447266,2353.800048828125,19.030000686645508
2024-06-21,85.23999786376953,2316.39990234375,18.959999084472656
2024-06-24,86.01000213623047,2330.0,19.700000762939453
2024-06-25,85.01000213623047,2316.60009765625,18.989999771118164
2024-06-26,85.25,2299.199951171875,18.309999465942383
2024-06-27,86.38999938964844,2324.5,17.979999542236328
2024-06-28,86.41000366210938,2327.699951171875,17.43000030517578
2024-07-01,86.5999984741211,2327.60009765625,16.56999969482422
2024-07-02,86.23999786376953,2323.0,16.40999984741211
2024-07-03,87.33999633789062,2359.800048828125,16.350000381469727
2024-07-05,86.54000091552734,2388.5,15.600000381469728
2024-07-08,85.75,2355.199951171875,15.859999656677246
2024-07-09,84.66000366210938,2360.10009765625,15.729999542236328
2024-07-10,85.08000183105469,2372.199951171875,15.510000228881836
2024-07-11,85.4000015258789,2415.0,15.220000267028809
2024-07-12,85.02999877929688,2414.0,15.5
2024-07-15,84.8499984741211,2422.89990234375,14.479999542236328
2024-07-16,83.7300033569336,2462.39990234375,14.609999656677246
2024-07-17,85.08000183105469,2454.800048828125,13.739999771118164
2024-07-18,85.11000061035156,2451.800048828125,14.109999656677246
2024-07-19,82.62999725341797,2395.5,14.300000190734863
2024-07-22,82.4000015258789,2392.0,15.010000228881836
2024-07-23,81.01000213623047,2404.60009765625,14.859999656677246
2024-07-24,81.70999908447266,2413.300048828125,14.3100004196167
2024-07-25,82.37000274658203,2351.89990234375,13.75
2024-07-26,81.12999725341797,2380.0,13.510000228881836
2024-07-29,79.77999877929688,2377.300048828125,13.59000015258789
2024-07-30,78.62999725341797,2405.0,14.010000228881836
2024-07-31,80.72000122070312,2426.5,13.539999961853027
2024-08-01,79.5199966430664,2435.0,13.09000015258789
2024-08-02,76.80999755859375,2425.699951171875,13.050000190734863
2024-08-05,76.30000305175781,2401.699951171875,12.9399995803833
2024-08-06,76.4800033569336,2389.10009765625,13.31999969482422
2024-08-07,78.33000183105469,2390.5,13.859999656677246
2024-08-08,79.16000366210938,2422.199951171875,14.18000030517578
2024-08-09,79.66000366210938,2432.10009765625,14.279999732971191
2024-08-12,82.30000305175781,2462.39990234375,14.399999618530272
2024-08-13,80.69000244140625,2466.699951171875,14.329999923706056
2024-08-14,79.76000213623047,2439.39990234375,14.739999771118164
2024-08-15,81.04000091552734,2453.10009765625,14.56999969482422
2024-08-16,79.68000030517578,2498.60009765625,14.06999969482422
2024-08-19,77.66000366210938,2501.800048828125,14.6899995803833
2024-08-20,77.19999694824219,2511.300048828125,14.649999618530272
2024-08-21,76.05000305175781,2508.39990234375,14.5600004196167
2024-08-22,77.22000122070312,2478.89990234375,13.8100004196167
2024-08-23,79.0199966430664,2508.39990234375,13.720000267028809
2024-08-26,81.43000030517578,2517.699951171875,13.329999923706056
2024-08-27,79.55000305175781,2516.0,13.079999923706056
2024-08-28,78.6500015258789,2501.0,13.199999809265137
2024-08-29,79.94000244140625,2525.699951171875,13.43000030517578
2024-08-30,78.80000305175781,2493.800048828125,13.369999885559082
2024-09-03,73.75,2489.89990234375,13.890000343322754
2024-09-04,72.69999694824219,2493.39990234375,13.460000038146973
2024-09-05,72.69000244140625,2511.39990234375,14.18000030517578
2024-09-06,71.05999755859375,2493.5,14.31999969482422
2024-09-09,71.83999633789062,2501.800048828125,13.479999542236328
2024-09-10,69.19000244140625,2512.300048828125,14.06999969482422
2024-09-11,70.61000061035156,2512.10009765625,14.25
2024-09-12,71.97000122070312,2551.199951171875,14.829999923706056
2024-09-13,71.61000061035156,2581.300048828125,14.489999771118164
2024-09-16,72.75,2580.39990234375,14.859999656677246
2024-09-17,73.69999694824219,2564.300048828125,14.640000343322754
2024-09-18,73.6500015258789,2570.699951171875,14.4399995803833
2024-09-19,74.87999725341797,2588.0,14.609999656677246
2024-09-20,74.48999786376953,2619.89990234375,15.34000015258789
2024-09-23,73.9000015258789,2626.5,16.09000015258789
2024-09-24,75.16999816894531,2651.199951171875,15.8100004196167
2024-09-25,73.45999908447266,2659.199951171875,15.850000381469728
2024-09-26,71.5999984741211,2669.89990234375,15.470000267028809
2024-09-27,71.9800033569336,2644.300048828125,16.3700008392334
2024-09-30,71.7699966430664,2636.10009765625,16.329999923706055
2024-10-01,73.55999755859375,2667.300048828125,16.3700008392334
2024-10-02,73.9000015258789,2647.10009765625,16.40999984741211
2024-10-03,77.62000274658203,2657.10009765625,16.68000030517578
2024-10-04,78.05000305175781,2645.800048828125,15.9399995803833
2024-10-07,80.93000030517578,2644.800048828125,15.380000114440918
2024-10-08,77.18000030517578,2615.0,15.25
2024-10-09,76.58000183105469,2606.0,14.859999656677246
2024-10-10,79.4000015258789,2620.60009765625,15.130000114440918
2024-10-11,79.04000091552734,2657.60009765625,14.800000190734863
2024-10-14,77.45999908447266,2647.800048828125,13.989999771118164
2024-10-15,74.25,2661.39990234375,14.010000228881836
2024-10-16,74.22000122070312,2674.0,13.4399995803833
2024-10-17,74.44999694824219,2691.0,13.3100004196167
2024-10-18,73.05999755859375,2713.699951171875,13.029999732971191
2024-10-21,74.29000091552734,2723.10009765625,13.25
2024-10-22,76.04000091552734,2744.199951171875,13.5
2024-10-23,74.95999908447266,2714.39990234375,13.81999969482422
2024-10-24,74.37999725341797,2734.89990234375,14.31999969482422
2024-10-25,76.05000305175781,2740.89990234375,14.449999809265137
2024-10-28,71.41999816894531,2742.89990234375,13.34000015258789
2024-10-29,71.12000274658203,2768.39990234375,13.40999984741211
2024-10-30,72.55000305175781,2788.5,13.229999542236328
2024-10-31,73.16000366210938,2738.300048828125,12.710000038146973
2024-11-01,73.0999984741211,2738.60009765625,12.479999542236328
2024-11-04,75.08000183105469,2736.10009765625,13.0600004196167
2024-11-05,75.52999877929688,2740.300048828125,12.529999732971191
2024-11-06,74.91999816894531,2667.60009765625,12.869999885559082
2024-11-07,75.62999725341797,2698.39990234375,12.65999984741211
2024-11-08,73.87000274658203,2687.5,12.529999732971191
2024-11-11,71.83000183105469,2611.199951171875,13.800000190734863
2024-11-12,71.88999938964844,2600.0,13.65999984741211
2024-11-13,72.27999877929688,2580.800048828125,14.109999656677246
2024-11-14,72.55999755859375,2568.199951171875,13.149999618530272
2024-11-15,71.04000091552734,2565.699951171875,13.369999885559082
2024-11-18,73.30000305175781,2610.60009765625,13.75
2024-11-19,73.30999755859375,2627.10009765625,13.869999885559082
2024-11-20,72.80999755859375,2648.199951171875,14.75
2024-11-21,74.2300033569336,2672.10009765625,15.149999618530272
2024-11-22,75.16999816894531,2709.89990234375,14.3100004196167
2024-11-25,73.01000213623047,2616.800048828125,14.789999961853027
2024-11-26,72.80999755859375,2620.300048828125,15.079999923706056
2024-11-27,72.83000183105469,2639.89990234375,13.8100004196167
2024-11-29,72.94000244140625,2657.0,14.43000030517578
2024-12-02,71.83000183105469,2634.89990234375,13.880000114440918
2024-12-03,73.62000274658203,2644.699951171875,13.210000038146973
2024-12-04,72.30999755859375,2653.800048828125,13.260000228881836
2024-12-05,72.08999633789062,2626.60009765625,13.31999969482422
2024-12-06,71.12000274658203,2638.60009765625,13.369999885559082
2024-12-09,72.13999938964844,2664.89990234375,13.770000457763672
2024-12-10,72.19000244140625,2697.60009765625,13.8100004196167
2024-12-11,73.5199966430664,2733.800048828125,14.5600004196167
2024-12-12,73.41000366210938,2687.5,15.039999961853027
2024-12-13,74.48999786376953,2656.0,14.229999542236328
2024-12-16,73.91000366210938,2651.39990234375,13.949999809265137
2024-12-17,73.19000244140625,2644.39990234375,14.460000038146973
2024-12-18,73.38999938964844,2636.5,14.539999961853027
2024-12-19,72.87999725341797,2592.199951171875,15.399999618530272
2024-12-20,72.94000244140625,2628.699951171875,15.869999885559082
2024-12-23,72.62999725341797,2612.300048828125,15.630000114440918
2024-12-24,73.58000183105469,2620.0,16.139999389648438
2024-12-26,73.26000213623047,2638.800048828125,15.369999885559082
2024-12-27,74.16999816894531,2617.199951171875,15.760000228881836
2024-12-30,74.38999938964844,2606.10009765625,18.030000686645508
2024-12-31,74.63999938964844,2629.199951171875,16.809999465942383
2025-01-02,75.93000030517578,2658.89990234375,17.010000228881836
2025-01-03,76.51000213623047,2645.0,15.59000015258789
2025-01-06,76.30000305175781,2638.39990234375,17.15999984741211
2025-01-07,77.05000305175781,2656.699951171875,15.989999771118164
2025-01-08,76.16000366210938,2664.5,17.110000610351562
2025-01-09,76.91999816894531,2683.800048828125,17.110000610351562
2025-01-10,79.76000213623047,2708.5,18.420000076293945
2025-01-13,81.01000213623047,2673.5,18.21999931335449
2025-01-14,79.91999816894531,2677.5,18.46999931335449
2025-01-15,82.02999877929688,2712.5,19.1200008392334
2025-01-16,81.29000091552734,2746.39990234375,19.940000534057617
2025-01-17,80.79000091552734,2744.300048828125,18.34000015258789
2025-01-21,79.29000091552734,2755.0,17.729999542236328
2025-01-22,79.0,2767.60009765625,18.540000915527344
2025-01-23,78.29000091552734,2763.10009765625,18.25
2025-01-24,78.5,2777.300048828125,18.1200008392334
2025-01-27,77.08000183105469,2737.5,17.149999618530273
2025-01-28,77.48999786376953,2766.800048828125,16.290000915527344
2025-01-29,76.58000183105469,2769.10009765625,16.760000228881836
2025-01-30,76.87000274658203,2823.0,16.139999389648438
2025-01-31,76.76000213623047,2812.5,16.190000534057617
2025-02-03,75.95999908447266,2833.89990234375,17.639999389648438
2025-02-04,76.19999694824219,2853.300048828125,17.06999969482422
2025-02-05,74.61000061035156,2871.60009765625,17.799999237060547
2025-02-06,74.29000091552734,2856.0,17.889999389648438
2025-02-07,74.66000366210938,2867.300048828125,17.479999542236328
2025-02-10,75.87000274658203,2914.300048828125,18.209999084472656
2025-02-11,77.0,2912.5,18.57999992370605
2025-02-12,75.18000030517578,2909.0,18.790000915527344
2025-02-13,75.0199966430664,2925.89990234375,19.149999618530277
2025-02-14,74.73999786376953,2883.60009765625,19.649999618530277
2025-02-18,75.83999633789062,2931.60009765625,20.950000762939453
2025-02-19,76.04000091552734,2919.39990234375,22.61000061035156
2025-02-20,76.4800033569336,2940.0,21.729999542236328
2025-02-21,74.43000030517578,2937.60009765625,22.09000015258789
2025-02-24,74.77999877929688,2947.89990234375,21.239999771118164
2025-02-25,73.0199966430664,2904.5,21.75
2025-02-26,72.52999877929688,2916.800048828125,21.149999618530277
2025-02-27,74.04000091552734,2883.199951171875,20.86000061035156
2025-02-28,73.18000030517578,2836.800048828125,20.34000015258789
2025-03-03,71.62000274658203,2890.199951171875,21.950000762939453
2025-03-04,71.04000091552734,2909.60009765625,23.11000061035156
2025-03-05,69.30000305175781,2915.300048828125,23.6200008392334
2025-03-06,69.45999908447266,2916.60009765625,22.770000457763672
2025-03-07,70.36000061035156,2904.699951171875,23.190000534057617
2025-03-10,69.27999877929688,2891.0,23.82999992370605
2025-03-11,69.55999755859375,2912.89990234375,23.280000686645508
2025-03-12,70.94999694824219,2939.10009765625,21.649999618530277
2025-03-13,69.87999725341797,2984.300048828125,21.43000030517578
2025-03-14,70.58000183105469,2994.5,21.790000915527344
2025-03-17,71.06999969482422,3000.0,21.21999931335449
2025-03-18,70.55999755859375,3035.10009765625,21.40999984741211
2025-03-19,70.77999877929688,3035.89990234375,22.350000381469727
2025-03-20,72.0,3040.0,21.170000076293945
2025-03-21,72.16000366210938,3018.199951171875,20.84000015258789
2025-03-24,73.0,3013.10009765625,20.65999984741211
2025-03-25,73.0199966430664,3023.699951171875,20.32999992370605
2025-03-26,73.79000091552734,3020.89990234375,20.13999938964844
2025-03-27,74.02999877929688,3060.199951171875,20.40999984741211
2025-03-28,73.62999725341797,3086.5,21.32999992370605
2025-03-31,74.73999786376953,3122.800048828125,21.61000061035156
2025-04-01,74.48999786376953,3118.89990234375,20.700000762939453
2025-04-02,74.94999694824219,3139.89990234375,21.049999237060547
2025-04-03,70.13999938964844,3097.0,21.56999969482422
2025-04-04,65.58000183105469,3012.0,20.040000915527344
2025-04-07,64.20999908447266,2951.300048828125,19.06999969482422
2025-04-08,62.81999969482422,2968.39990234375,18.280000686645508
2025-04-09,65.4800033569336,3056.5,19.6200008392334
2025-04-10,63.33000183105469,3155.199951171875,18.46999931335449
2025-04-11,64.76000213623047,3222.199951171875,18.6299991607666
2025-04-14,64.87999725341797,3204.800048828125,17.510000228881836
2025-04-15,64.66999816894531,3218.699951171875,17.360000610351562
2025-04-16,65.8499984741211,3326.60009765625,17.030000686645508
2025-04-17,67.95999908447266,3308.699951171875,17.030000686645508
2025-04-21,66.26000213623047,3406.199951171875,16.020000457763672
2025-04-22,67.44000244140625,3400.800048828125,15.779999732971191
2025-04-23,66.12000274658203,3276.300048828125,15.729999542236328
2025-04-24,66.55000305175781,3332.0,15.5
2025-04-25,66.87000274658203,3282.39990234375,15.699999809265137
2025-04-28,65.86000061035156,3332.5,16.6200008392334
2025-04-29,64.25,3318.800048828125,16.8799991607666
2025-04-30,63.119998931884766,3305.0,16.739999771118164
2025-05-01,62.130001068115234,3210.0,17.31999969482422
2025-05-02,61.290000915527344,3231.89990234375,18.31999969482422
2025-05-05,60.22999954223633,3311.300048828125,17.979999542236328
2025-05-06,62.150001525878906,3411.39990234375,17.3700008392334
2025-05-07,61.119998931884766,3381.39990234375,18.170000076293945
2025-05-08,62.84000015258789,3296.60009765625,18.06999969482422
2025-05-09,63.90999984741211,3335.39990234375,18.979999542236328
2025-05-12,64.95999908447266,3220.0,18.350000381469727
2025-05-13,66.62999725341797,3240.300048828125,18.190000534057617
2025-05-14,66.08999633789062,3181.39990234375,17.399999618530273
2025-05-15,64.52999877929688,3220.699951171875,16.799999237060547
2025-05-16,65.41000366210938,3182.0,16.709999084472656
2025-05-19,65.54000091552734,3228.89990234375,15.649999618530272
2025-05-20,65.37999725341797,3280.300048828125,16.989999771118164
2025-05-21,64.91000366210938,3309.300048828125,16.920000076293945
2025-05-22,64.44000244140625,3292.300048828125,16.649999618530273
2025-05-23,64.77999877929688,3363.60009765625,16.829999923706055
2025-05-27,64.08999633789062,3299.10009765625,17.06999969482422
2025-05-28,64.9000015258789,3293.60009765625,16.149999618530273
2025-05-29,64.1500015258789,3317.10009765625,15.989999771118164
2025-05-30,63.900001525878906,3288.89990234375,15.710000038146973
2025-06-02,64.62999725341797,3370.60009765625,16.8700008392334
2025-06-03,65.62999725341797,3350.199951171875,16.959999084472656
2025-06-04,64.86000061035156,3373.5,16.90999984741211
2025-06-05,65.33999633789062,3350.699951171875,16.700000762939453
2025-06-06,66.47000122070312,3322.699951171875,17.18000030517578
2025-06-09,67.04000091552734,3332.10009765625,16.559999465942383
2025-06-10,66.87000274658203,3320.89990234375,16.059999465942383
2025-06-11,69.7699966430664,3321.300048828125,15.949999809265137
2025-06-12,69.36000061035156,3380.89990234375,16.06999969482422
2025-06-13,74.2300033569336,3431.199951171875,16.360000610351562
2025-06-16,73.2300033569336,3396.39990234375,16.979999542236328
2025-06-17,76.44999694824219,3386.60009765625,17.579999923706055
2025-06-18,76.69999694824219,3389.800048828125,18.07999992370605
2025-06-20,77.01000213623047,3368.10009765625,17.65999984741211
2025-06-23,71.4800033569336,3377.699951171875,16.84000015258789
2025-06-24,67.13999938964844,3317.39990234375,16.25
2025-06-25,67.68000030517578,3327.10009765625,15.850000381469728
2025-06-26,67.7300033569336,3333.5,15.65999984741211
2025-06-27,67.7699966430664,3273.699951171875,16.540000915527344
2025-06-30,67.61000061035156,3294.39990234375,15.279999732971191
2025-07-01,67.11000061035156,3336.699951171875,15.109999656677246
2025-07-02,69.11000061035156,3348.0,15.420000076293944
2025-07-03,68.80000305175781,3331.60009765625,15.25
2025-07-04,68.29000091552734,3332.5,15.25
2025-07-07,69.58000183105469,3332.199951171875,15.109999656677246
2025-07-08,70.1500015258789,3307.0,14.829999923706056
2025-07-09,70.19000244140625,3311.60009765625,14.199999809265137
2025-07-10,68.63999938964844,3317.39990234375,14.75
2025-07-11,70.36000061035156,3356.0,14.920000076293944
2025-07-14,69.20999908447266,3351.5,15.289999961853027
2025-07-15,68.70999908447266,3329.800048828125,15.539999961853027
2025-07-16,68.5199966430664,3352.5,15.800000190734863
2025-07-17,69.5199966430664,3340.10009765625,15.699999809265137
2025-07-18,69.27999877929688,3353.0,15.850000381469728
2025-07-21,69.20999908447266,3401.89990234375,14.68000030517578
2025-07-22,68.58999633789062,3439.199951171875,14.470000267028809
2025-07-23,68.51000213623047,3394.10009765625,13.710000038146973
2025-07-24,69.18000030517578,3371.0,13.859999656677246
2025-07-25,68.44000244140625,3334.0,13.829999923706056
2025-07-28,70.04000091552734,3309.10009765625,13.670000076293944
2025-07-29,72.51000213623047,3323.39990234375,13.90999984741211
2025-07-30,73.23999786376953,3295.800048828125,13.350000381469728
2025-07-31,72.52999877929688,3293.199951171875,13.59000015258789
2025-08-01,69.66999816894531,3347.699951171875,13.619999885559082
2025-08-04,68.76000213623047,3374.39990234375,12.960000038146973
2025-08-05,67.63999938964844,3381.89990234375,13.1899995803833
2025-08-06,66.88999938964844,3380.0,13.539999961853027
2025-08-07,66.43000030517578,3400.300048828125,13.529999732971191
2025-08-08,66.58999633789062,3439.10009765625,13.199999809265137
2025-08-11,66.62999725341797,3353.10009765625,13.06999969482422
2025-08-12,66.12000274658203,3348.89990234375,12.279999732971191
2025-08-13,65.62999725341797,3358.699951171875,12.399999618530272
2025-08-14,66.83999633789062,3335.199951171875,12.510000228881836
2025-08-15,65.8499984741211,3336.0,12.829999923706056
2025-08-18,66.5999984741211,3331.699951171875,12.720000267028809
2025-08-19,65.79000091552734,3313.39990234375,12.15999984741211
2025-08-20,66.83999633789062,3343.39990234375,12.130000114440918
2025-08-21,67.66999816894531,3336.89990234375,12.399999618530272
2025-08-22,67.7300033569336,3374.39990234375,11.90999984741211
2025-08-25,68.80000305175781,3373.800048828125,11.949999809265137
2025-08-26,67.22000122070312,3388.60009765625,11.970000267028809
2025-08-27,68.05000305175781,3404.60009765625,12.1899995803833
2025-08-28,68.62000274658203,3431.800048828125,12.56999969482422
2025-08-29,68.12000274658203,3473.699951171875,12.829999923706056
2025-09-02,69.13999938964844,3549.39990234375,12.779999732971191
2025-09-03,67.5999984741211,3593.199951171875,13.0600004196167
2025-09-04,66.98999786376953,3565.800048828125,13.100000381469728
2025-09-05,65.5,3613.199951171875,12.9399995803833
2025-09-08,66.0199966430664,3638.10009765625,13.15999984741211
2025-09-09,66.38999938964844,3643.300048828125,13.260000228881836
2025-09-10,67.48999786376953,3643.60009765625,12.880000114440918
2025-09-11,66.37000274658203,3636.89990234375,12.420000076293944
2025-09-12,66.98999786376953,3649.39990234375,12.510000228881836
2025-09-15,67.44000244140625,3682.199951171875,12.90999984741211
2025-09-16,68.47000122070312,3688.89990234375,13.220000267028809
2025-09-17,67.94999694824219,3681.800048828125,13.100000381469728
2025-09-18,67.44000244140625,3643.699951171875,12.670000076293944
2025-09-19,66.68000030517578,3671.5,12.56999969482422
2025-09-22,66.56999969482422,3740.699951171875,12.149999618530272
2025-09-23,67.62999725341797,3780.60009765625,12.359999656677246
2025-09-24,69.30999755859375,3732.10009765625,12.359999656677246
2025-09-25,69.41999816894531,3736.89990234375,12.59000015258789
2025-09-26,70.12999725341797,3775.300048828125,12.470000267028809
2025-09-29,67.97000122070312,3820.89990234375,12.81999969482422
2025-09-30,67.0199966430664,3840.800048828125,13.06999969482422
2025-10-01,65.3499984741211,3867.5,13.619999885559082
2025-10-02,64.11000061035156,3839.699951171875,13.449999809265137
2025-10-03,64.52999877929688,3880.800048828125,13.050000190734863
2025-10-06,65.47000122070312,3948.5,13.300000190734863
2025-10-07,65.44999694824219,3976.60009765625,13.779999732971191
2025-10-08,66.25,4043.300048828125,13.100000381469728
2025-10-09,65.22000122070312,3946.300048828125,12.739999771118164
2025-10-10,62.72999954223633,3975.89990234375,12.329999923706056
2025-10-13,63.31999969482422,4108.60009765625,12.18000030517578
2025-10-14,62.38999938964844,4138.7001953125,11.949999809265137
2025-10-15,61.90999984741211,4176.89990234375,11.880000114440918
2025-10-16,61.060001373291016,4280.2001953125,11.579999923706056
2025-10-17,61.290000915527344,4189.89990234375,11.869999885559082
2025-10-20,61.0099983215332,4336.39990234375,12.93000030517578
2025-10-21,61.31999969482422,4087.699951171875,13.149999618530272
2025-10-22,62.59000015258789,4044.39990234375,13.0600004196167
2025-10-23,65.98999786376953,4125.5,12.93000030517578
2025-10-24,65.94000244140625,4118.39990234375,12.970000267028809
2025-10-27,65.62000274658203,4001.89990234375,12.890000343322754
2025-10-28,64.4000015258789,3966.199951171875,12.34000015258789
2025-10-29,64.91999816894531,3983.699951171875,12.210000038146973
2025-10-30,65.0,4001.300048828125,12.81999969482422
2025-10-31,65.06999969482422,3982.199951171875,13.25
2025-11-03,64.88999938964844,4000.300048828125,13.760000228881836
2025-11-04,64.44000244140625,3947.699951171875,13.93000030517578
2025-11-05,63.52000045776367,3980.300048828125,13.630000114440918
2025-11-06,63.380001068115234,3979.89990234375,14.170000076293944
2025-11-07,63.630001068115234,3999.39990234375,13.949999809265137
2025-11-10,64.05999755859375,4111.7998046875,14.100000381469728
2025-11-11,65.16000366210938,4106.7998046875,14.5600004196167
2025-11-12,62.709999084472656,4204.39990234375,14.649999618530272
2025-11-13,63.0099983215332,4186.89990234375,14.8100004196167
2025-11-14,64.38999938964844,4087.60009765625,14.5600004196167
2025-11-17,64.19999694824219,4068.300048828125,14.119999885559082
2025-11-18,64.88999938964844,4061.300048828125,14.220000267028809
2025-11-19,63.5099983215332,4077.699951171875,14.699999809265137
2025-11-20,63.380001068115234,4056.5,14.420000076293944
2025-11-21,62.560001373291016,4076.699951171875,14.649999618530272
2025-11-24,63.369998931884766,4091.89990234375,14.40999984741211
2025-11-25,62.47999954223633,4139.2001953125,13.829999923706056
2025-11-26,63.130001068115234,4165.2001953125,14.25
2025-11-28,63.20000076293945,4218.2998046875,14.729999542236328
2025-12-01,63.16999816894531,4239.2998046875,15.210000038146973
2025-12-02,62.45000076293945,4186.60009765625,14.960000038146973
2025-12-03,62.66999816894531,4199.2998046875,15.470000267028809
2025-12-04,63.2599983215332,4211.7998046875,15.65999984741211
2025-12-05,63.75,4212.89990234375,16.3700008392334
2025-12-08,62.4900016784668,4187.2001953125,15.06999969482422
2025-12-09,61.93999862670898,4206.7001953125,14.100000381469728
2025-12-10,62.209999084472656,4196.39990234375,14.260000228881836
2025-12-11,61.27999877929688,4285.5,13.079999923706056
2025-12-12,61.119998931884766,4300.10009765625,12.729999542236328
2025-12-15,60.560001373291016,4306.7001953125,12.460000038146973
2025-12-16,58.91999816894531,4304.5,12.100000381469728
2025-12-17,59.68000030517578,4347.5,12.640000343322754
2025-12-18,59.81999969482422,4339.5,12.029999732971191
2025-12-19,60.470001220703125,4361.39990234375,12.1899995803833
2025-12-22,62.06999969482422,4444.60009765625,11.850000381469728
2025-12-23,62.380001068115234,4482.7998046875,12.899999618530272
2025-12-24,62.2400016784668,4480.60009765625,12.390000343322754
2025-12-26,60.63999938964844,4529.10009765625,12.8100004196167
2025-12-29,61.93999862670898,4325.10009765625,13.050000190734863
2025-12-30,61.91999816894531,4370.10009765625,13.119999885559082
2025-12-31,60.84999847412109,4325.60009765625,12.260000228881836
2026-01-02,60.75,4314.39990234375,12.0600004196167
2026-01-05,61.7599983215332,4436.89990234375,11.630000114440918
2026-01-06,60.70000076293945,4482.2001953125,11.279999732971191
2026-01-07,59.959999084472656,4449.2998046875,11.779999732971191
2026-01-08,61.9900016784668,4449.7001953125,11.270000457763672
2026-01-09,63.34000015258789,4490.2998046875,10.399999618530272
2026-01-12,63.869998931884766,4604.2998046875,11.18000030517578
2026-01-13,65.47000122070312,4589.2001953125,11.31999969482422
2026-01-14,66.5199966430664,4626.2998046875,10.239999771118164
2026-01-15,63.7599983215332,4616.2998046875,10.300000190734863
2026-01-16,64.12999725341797,4588.39990234375,10.329999923706056
2026-01-20,64.91999816894531,4759.60009765625,12.369999885559082
2026-01-21,65.23999786376953,4831.7998046875,13.640000343322754
2026-01-22,64.05999755859375,4908.7998046875,13.43000030517578
2026-01-23,65.87999725341797,4976.2001953125,13.970000267028809
2026-01-26,65.58999633789062,5079.7001953125,14.829999923706056
2026-01-27,67.56999969482422,5079.89990234375,14.699999809265137
2026-01-28,68.4000015258789,5301.60009765625,14.529999732971191
2026-01-29,70.70999908447266,5318.39990234375,15.0600004196167
2026-01-30,70.69000244140625,4713.89990234375,16.899999618530273
2026-02-02,66.30000305175781,4622.5,12.699999809265137
2026-02-03,67.33000183105469,4903.7001953125,12.979999542236328
2026-02-04,69.45999908447266,4920.39990234375,13.460000038146973
2026-02-05,67.55000305175781,4861.39990234375,13.520000457763672
2026-02-06,68.05000305175781,4951.2001953125,13.270000457763672
2026-02-09,69.04000091552734,5050.89990234375,12.170000076293944
2026-02-10,68.80000305175781,5003.7998046875,12.130000114440918
2026-02-11,69.4000015258789,5071.60009765625,12.31999969482422
2026-02-12,67.5199966430664,4923.7001953125,12.43000030517578
2026-02-13,67.75,5022.0,12.4399995803833
2026-02-17,67.41999816894531,4882.89990234375,11.899999618530272
2026-02-18,70.3499984741211,4986.5,11.869999885559082
2026-02-19,71.66000366210938,4975.89990234375,11.800000190734863
2026-02-20,71.76000213623047,5059.2998046875,12.010000228881836
2026-02-23,71.48999786376953,5204.7001953125,11.739999771118164
2026-02-24,70.7699966430664,5155.7998046875,11.460000038146973
2026-02-25,70.8499984741211,5206.39990234375,11.600000381469728
2026-02-26,70.75,5176.5,11.380000114440918
2026-02-27,72.4800033569336,5230.5,11.520000457763672
2026-03-02,77.73999786376953,5294.39990234375,12.0
2026-03-03,81.4000015258789,5107.39990234375,12.279999732971191
2026-03-04,81.4000015258789,5120.2001953125,11.779999732971191
2026-03-05,85.41000366210938,5065.2998046875,12.050000190734863
2026-03-06,92.69000244140624,5146.10009765625,12.75
2026-03-09,98.95999908447266,5091.5,12.3100004196167
2026-03-10,83.63999938964844,5237.0,12.164999961853027
