Tarih,TMO_Giresun_TL_kg,TMO_Levant_TL_kg,Serbest_Piyasa_TL_kg,Sezon_Yili,Hasat_Donemi,Yil_Ay,Yil,Ay,USD_TRY_Kapanis,Kur_Volatilite_30G,Brent_Petrol_Kapanis,Altin_Ons_Kapanis,Dogalgaz_ETF_Kapanis,Kakao_Kapanis,Asgari_Ucret_TL,Max_Sicaklik_C,Min_Sicaklik_C,Yagis_mm,Kritik_Don,TCMB_Faiz_Orani,BDI_Endeksi,Secim_Gundemi,Ramazan_Etkisi,TUFE_Yillik_Pct,Ihracat_Ton_Ic_Findik,Ihracat_Deger_mUSD,Ihracat_Ton_YoY_Pct,Ihracat_Deger_YoY_Pct,Uretim_Ton_Azerbaycan,Uretim_Ton_Dunyaa,Uretim_Ton_Italya,Uretim_Ton_Turkiye,Turkiye_Pazar_Payi_Pct,TR_Rekolte_Tahmin_Ton,TR_Rekolte_Gercek_Ton,Rekolte_Surprise_Pct,Rekolte_Sapma_Ton,Randiman_Pct,Dunya_Uretim_Ton,Dunya_Tuketim_Ton,Global_Arz_Acigi_Ton,Stok_Kullanim_Oran_Pct,TR_Pazar_Payi_Pct,Italya_Uretim_Ton,Azerbaycan_Uretim_Ton,Rekolte_Surprise_Lag1,TR_Uretim_MA3,Global_Kitlik_Skoru,Fiyat_USD_kg,US_CPI_Carpani,Fiyat_RealUSD_kg,Kur_Aylik_Degisim_Pct,Altin_Aylik_Degisim_Pct,Fiyat_Lag1,Fiyat_Lag2,Fiyat_Lag3,Fiyat_Lag12,Fiyat_Degisim_1A_Pct,Fiyat_Degisim_3A_Pct,Fiyat_bolu_AsgariUcret_Orani,Ay_Sin,Ay_Cos,Randiman_Skoru
2013-08-01,7.2,7.0,6.5,2013,1,2013-08,2013,8,1.9569377303123474,0.017504568058558156,110.54181844537908,1352.6681574041193,289.00363714044744,2424.818181818182,846.9,25.162258064516127,16.07,58.76,0.0,5.5,1205,0,1,7.49,210000.0,1412.0,9.52,-4.75,30000,850000,110000,600000,70.59,700000.0,646000.0,-7.71,-54000.0,51.5,920000.0,880000.0,-40000.0,104.55,70.22,87000.0,30000.0,-7.71,646000.0,36.36,3.3215160090773725,1.448435689455388,4.811002330645093,2.8854310249055715,-0.4940714839713478,6.5,6.5,6.5,6.5,6.615384615384601,19.999999999999996,7.675050183020428,-0.8660254037844385,-0.5000000000000004,1
2013-09-01,7.2,7.0,6.93,2013,1,2013-09,2013,9,2.013403818720863,0.044647860363556335,111.46600036621093,1345.985009765625,303.11200256347655,2574.35,846.9,21.398333333333333,11.87,216.67000000000002,0.0,5.5,1205,0,0,7.49,210000.0,1412.0,9.52,-4.75,30000,850000,110000,600000,70.59,700000.0,646000.0,-7.71,-54000.0,51.5,920000.0,880000.0,-40000.0,104.55,70.22,87000.0,30000.0,-7.71,646000.0,36.36,3.441932480491024,1.448435689455388,4.98541784543891,2.8854310249055715,-0.4940714839713478,6.5,6.5,6.5,6.5,6.615384615384601,19.999999999999996,8.182784272051009,-1.0,-1.8369701987210297e-16,1
2013-10-01,7.2,7.0,7.37,2013,1,2013-10,2013,10,1.9845609123056585,0.025591755210022386,109.56608747399372,1316.8347751783288,299.5339156441067,2698.1304347826085,846.9,17.430967741935483,7.43,149.79,0.0,5.5,1205,0,0,7.49,210000.0,1412.0,9.52,-4.75,30000,850000,110000,600000,70.59,700000.0,646000.0,-7.71,-54000.0,51.5,920000.0,880000.0,-40000.0,104.55,70.22,87000.0,30000.0,-7.71,646000.0,36.36,3.7136678215825336,1.448435689455388,5.379009011562186,-1.4325445371176748,-2.1657176250701404,6.93,6.5,6.5,6.5,6.349206349206349,19.999999999999996,8.702326130593931,-0.8660254037844386,0.5000000000000001,1
2013-11-01,7.2,7.0,7.8,2013,0,2013-11,2013,11,2.0231028397878013,0.023937257917074593,107.76250076293945,1275.104998779297,288.09600219726565,2722.7,846.9,16.269666666666666,5.07,89.06,0.0,5.5,1205,0,0,7.49,210000.0,1412.0,9.52,-4.75,30000,850000,110000,600000,70.59,700000.0,646000.0,-7.71,-54000.0,51.5,920000.0,880000.0,-40000.0,104.55,70.22,87000.0,30000.0,-7.71,646000.0,36.36,3.85546391740428,1.448435689455388,5.584391537375839,1.94208841074901,-3.16894550368938,7.37,6.93,6.5,6.5,5.834464043419274,19.999999999999996,9.210060219624513,-0.5000000000000004,0.8660254037844384,1
2013-12-01,7.2,7.0,8.9,2013,0,2013-12,2013,12,2.0606190724806352,0.0203186183979454,110.83285740443638,1225.0095156715029,334.605715797061,2782.7619047619046,846.9,8.425483870967742,-4.53,87.8,0.0,5.5,1205,0,0,7.49,210000.0,1412.0,9.52,-4.75,30000,850000,110000,600000,70.59,700000.0,646000.0,-7.71,-54000.0,51.5,920000.0,880000.0,-40000.0,104.55,70.22,87000.0,30000.0,-7.71,646000.0,36.36,4.319090373790393,1.448435689455388,6.255924643381218,1.8543907880021138,-3.9287339596152604,7.8,7.37,6.93,6.5,14.10256410256412,28.427128427128444,10.508914865981817,-2.4492935982947064e-16,1.0,1
2014-01-01,7.2,7.0,10.0,2013,0,2014-01,2014,1,2.210576969644298,0.059977125504055116,107.19285656156994,1244.0619012741815,353.18095325288317,2758.6666666666665,1071.0,11.952258064516128,1.23,66.31,0.0,10.0,1105,1,0,8.85,210000.0,1412.0,9.52,-4.75,30000,710000,70000,450000,63.38,700000.0,646000.0,-7.71,-54000.0,51.5,920000.0,880000.0,-40000.0,104.55,70.22,87000.0,30000.0,-7.71,646000.0,36.36,4.523705863817577,1.42571998859424,6.449537872565693,7.277322585544099,1.5552847026037098,8.9,7.8,7.37,6.5,12.35955056179774,35.68521031207599,9.337068160597573,0.49999999999999994,0.8660254037844387,1
2014-02-01,7.2,7.0,10.07,2013,0,2014-02,2014,2,2.209171509742737,0.04654969688655895,108.70736895109478,1300.9842143811677,404.07579281455594,2917.842105263158,1071.0,11.907499999999999,-0.77,39.77,0.0,10.0,1105,1,0,8.85,210000.0,1412.0,9.52,-4.75,30000,710000,70000,450000,63.38,700000.0,646000.0,-7.71,-54000.0,51.5,920000.0,880000.0,-40000.0,104.55,70.22,87000.0,30000.0,-7.71,646000.0,36.36,4.558269901449469,1.42571998859424,6.498816511904004,-0.06357887198051859,4.575520964727375,10.0,8.9,7.8,6.5,0.7000000000000117,29.10256410256411,9.402427637721756,0.8660254037844386,0.5000000000000001,1
2014-03-01,7.2,7.0,10.14,2013,0,2014-03,2014,3,2.215719529560634,0.02679879439767934,107.85761878603981,1336.4285714285713,397.6914251418341,2968.5714285714284,1071.0,13.824193548387097,-1.7,123.46,0.0,10.0,1105,1,0,8.85,210000.0,1412.0,9.52,-4.75,30000,710000,70000,450000,63.38,700000.0,646000.0,-7.71,-54000.0,51.5,920000.0,880000.0,-40000.0,104.55,70.22,87000.0,30000.0,-7.71,646000.0,36.36,4.576391490312274,1.42571998859424,6.5246528233707926,0.29640160526329673,2.7244263731718954,10.07,10.0,8.9,6.5,0.6951340615690249,13.932584269662929,9.467787114845938,1.0,6.123233995736766e-17,1
2014-04-01,7.2,7.0,10.21,2013,0,2014-04,2014,4,2.1261286302046343,0.04425064605978379,108.05190531412761,1298.423793247768,409.65333193824404,2966.095238095238,1071.0,16.586666666666666,0.47,126.27,0.0,10.0,1105,1,0,8.85,210000.0,1412.0,9.52,-4.75,30000,710000,70000,450000,63.38,700000.0,646000.0,-7.71,-54000.0,51.5,920000.0,880000.0,-40000.0,104.55,70.22,87000.0,30000.0,-7.71,646000.0,36.36,4.802155361135095,1.42571998859424,6.846528886705296,-4.04342238088975,-2.8437567853086487,10.14,10.07,10.0,6.5,0.6903353057199135,2.100000000000013,9.533146591970121,0.8660254037844387,-0.4999999999999998,1
2014-05-01,7.2,7.0,10.29,2013,0,2014-05,2014,5,2.090101794763045,0.02531217562028224,109.21952420189267,1287.538097563244,402.0038103376116,2944.190476190476,1071.0,20.01516129032258,9.63,121.25,0.0,10.0,1105,1,0,8.85,210000.0,1412.0,9.52,-4.75,30000,710000,70000,450000,63.38,700000.0,646000.0,-7.71,-54000.0,51.5,920000.0,880000.0,-40000.0,104.55,70.22,87000.0,30000.0,-7.71,646000.0,36.36,4.92320518827485,1.42571998859424,7.019112044874323,-1.6944805187126377,-0.8383777115863911,10.21,10.14,10.07,6.5,0.7835455435847072,2.1847070506454624,9.607843137254902,0.49999999999999994,-0.8660254037844387,1
2014-06-01,7.2,7.0,10.36,2013,0,2014-06,2014,6,2.1177795160384405,0.019027216786171437,111.98047601609002,1282.161900111607,406.84190441313245,3100.714285714286,1071.0,22.438,13.03,119.92,0.0,10.0,1105,1,1,8.85,210000.0,1412.0,9.52,-4.75,30000,710000,70000,450000,63.38,700000.0,646000.0,-7.71,-54000.0,51.5,920000.0,880000.0,-40000.0,104.55,70.22,87000.0,30000.0,-7.71,646000.0,36.36,4.891916236577647,1.42571998859424,6.974502761017461,1.3242283866147009,-0.41755637847235016,10.29,10.21,10.14,6.5,0.6802721088435382,2.1696252465483123,9.673202614379084,1.2246467991473532e-16,-1.0,1
2014-07-01,7.2,7.0,10.43,2013,0,2014-07,2014,7,2.1175700166951055,0.017287774927692807,107.98590885509144,1310.6363636363637,354.94545676491475,3141.818181818182,1071.0,25.12741935483871,17.2,118.88,0.0,10.0,1105,1,1,8.85,210000.0,1412.0,9.52,-4.75,30000,710000,70000,450000,63.38,700000.0,646000.0,-7.71,-54000.0,51.5,920000.0,880000.0,-40000.0,104.55,70.22,87000.0,30000.0,-7.71,646000.0,36.36,4.9254569708529,1.42571998859424,7.022322456305816,-0.00989240578390671,2.2208165382451295,10.36,10.29,10.21,6.5,0.6756756756756799,2.1547502448579614,9.738562091503267,-0.4999999999999997,-0.8660254037844388,1
2014-08-01,11.5,11.0,10.5,2014,1,2014-08,2014,8,2.1580685660952614,0.02151338050113411,103.32047562372117,1295.0571463448662,343.67237781343005,3216.5714285714284,1071.0,25.888709677419353,18.13,137.92000000000002,0.0,10.0,1105,1,0,8.85,210000.0,1412.0,9.52,-4.75,30000,710000,70000,450000,63.38,700000.0,646000.0,-7.71,-54000.0,51.5,920000.0,880000.0,-40000.0,104.55,70.22,87000.0,30000.0,-7.71,646000.0,36.36,4.865461721171518,1.42571998859424,6.9367860296143675,1.9125010781632756,-1.1886758008356368,10.43,10.36,10.29,6.5,0.6711409395973256,2.0408163265306145,9.803921568627452,-0.8660254037844385,-0.5000000000000004,1
2014-09-01,11.5,11.0,11.47,2014,1,2014-09,2014,9,2.207563649524342,0.024037440049922046,98.2538088843936,1235.1285691034227,341.17333257765995,3184.7619047619046,1071.0,22.270666666666667,12.57,270.33,0.0,10.0,1105,1,0,8.85,210000.0,1412.0,9.52,-4.75,30000,710000,70000,450000,63.38,700000.0,646000.0,-7.71,-54000.0,51.5,920000.0,880000.0,-40000.0,104.55,70.22,87000.0,30000.0,-7.71,646000.0,36.36,5.195773178486343,1.42571998859424,7.407717676769807,2.293489845813146,-4.627485158518619,10.5,10.43,10.36,6.93,9.238095238095244,10.71428571428572,10.709617180205415,-1.0,-1.8369701987210297e-16,1
2014-10-01,11.5,11.0,12.44,2014,1,2014-10,2014,10,2.2541052051212476,0.03485752684624511,87.97913062054178,1222.93042522928,325.5999981424083,3061.1304347826085,1071.0,18.52516129032258,7.17,225.78,0.0,10.0,1105,1,0,8.85,210000.0,1412.0,9.52,-4.75,30000,710000,70000,450000,63.38,700000.0,646000.0,-7.71,-54000.0,51.5,920000.0,880000.0,-40000.0,104.55,70.22,87000.0,30000.0,-7.71,646000.0,36.36,5.518819605995655,1.42571998859424,7.868291425713793,2.1082769507884347,-0.987601143660477,11.47,10.5,10.43,7.37,8.456843940714908,19.27133269415149,11.61531279178338,-0.8660254037844386,0.5000000000000001,1
2014-11-01,11.5,11.0,13.42,2014,0,2014-11,2014,11,2.2334149837493897,0.02178330413541551,79.91210455643504,1176.1789422286183,354.5010536595395,2870.6315789473683,1071.0,14.330666666666668,4.0,199.05,0.0,10.0,1105,1,0,8.85,210000.0,1412.0,9.52,-4.75,30000,710000,70000,450000,63.38,700000.0,646000.0,-7.71,-54000.0,51.5,920000.0,880000.0,-40000.0,104.55,70.22,87000.0,30000.0,-7.71,646000.0,36.36,6.008735545183327,1.42571998859424,8.566774372944577,-0.9178906700916367,-3.82290619614738,12.44,11.47,10.5,7.8,7.87781350482315,27.809523809523817,12.530345471521942,-0.5000000000000004,0.8660254037844384,1
2014-12-01,11.5,11.0,14.39,2014,0,2014-12,2014,12,2.2903721747191055,0.03161518532680587,63.20363651622426,1200.168174050071,286.705454046076,2936.9545454545455,1071.0,13.565806451612904,0.93,98.14,0.0,10.0,1105,1,0,8.85,210000.0,1412.0,9.52,-4.75,30000,710000,70000,450000,63.38,700000.0,646000.0,-7.71,-54000.0,51.5,920000.0,880000.0,-40000.0,104.55,70.22,87000.0,30000.0,-7.71,646000.0,36.36,6.28282169982475,1.42571998859424,8.957544482213786,2.5502287476417695,2.0395903174391217,13.42,12.44,11.47,8.9,7.2280178837556,25.457715780296432,13.436041083099907,-2.4492935982947064e-16,1.0,1
2015-01-01,11.5,11.0,13.0,2014,0,2015-01,2015,1,2.331295468590476,0.03277308671433233,49.679999923706056,1252.9249938964845,238.03200073242186,2872.1,1000.74,9.284516129032259,-8.6,126.96,0.0,8.25,718,1,0,7.67,210000.0,1412.0,9.52,-4.75,35000,920000,87000,646000,70.22,700000.0,646000.0,-7.71,-54000.0,51.5,920000.0,880000.0,-40000.0,104.55,70.22,87000.0,30000.0,-7.71,646000.0,36.36,5.576298746833634,1.4234875444839858,7.937791810439337,1.7867530143387933,4.395785606310576,14.39,13.42,12.44,10.0,-9.659485753995833,4.5016077170418,12.990387113535983,0.49999999999999994,0.8660254037844387,1
2015-02-01,11.5,11.0,12.8,2014,0,2015-02,2015,2,2.460619533061981,0.059391577650765526,58.440526259572884,1224.9105224609375,224.3536834716797,2922.1052631578946,1000.74,10.384285714285713,-2.87,117.72999999999999,0.0,8.25,718,1,0,7.67,210000.0,1412.0,9.52,-4.75,35000,920000,87000,646000,70.22,700000.0,646000.0,-7.71,-54000.0,51.5,920000.0,880000.0,-40000.0,104.55,70.22,87000.0,30000.0,-7.71,646000.0,36.36,5.201941961369279,1.4234875444839858,7.404899589137764,5.547304758829896,-2.235925659717619,13.0,14.39,13.42,10.07,-1.538461538461533,-4.6199701937406745,12.790535004096968,0.8660254037844386,0.5000000000000001,1
2015-03-01,11.5,11.0,12.6,2014,0,2015-03,2015,3,2.586281342939897,0.06333698580106176,56.93499981273305,1177.768182927912,222.63272788307884,2875.3636363636365,1000.74,11.64516129032258,1.27,126.11,0.0,8.25,718,1,0,7.67,210000.0,1412.0,9.52,-4.75,35000,920000,87000,646000,70.22,700000.0,646000.0,-7.71,-54000.0,51.5,920000.0,880000.0,-40000.0,104.55,70.22,87000.0,30000.0,-7.71,646000.0,36.36,4.871859758953074,1.4234875444839858,6.935031685342455,5.106917513637033,-3.8486353630396652,12.8,13.0,14.39,10.14,-1.562500000000011,-12.439193884642119,12.590682894657952,1.0,6.123233995736766e-17,1
2015-04-01,11.5,11.0,12.4,2014,0,2015-04,2015,4,2.649241805076599,0.04386401244514083,60.96523775373186,1199.828578404018,207.48952447800409,2828.8571428571427,1000.74,13.643333333333334,-0.03,144.86,1.0,8.25,718,1,0,7.67,210000.0,1412.0,9.52,-4.75,35000,920000,87000,646000,70.22,700000.0,646000.0,-7.71,-54000.0,51.5,920000.0,880000.0,-40000.0,104.55,70.22,87000.0,30000.0,-7.71,646000.0,36.36,4.680584451082778,1.4234875444839858,6.662753667021748,2.4344011261022924,1.8730677051628453,12.6,12.8,13.0,10.21,-1.5873015873015817,-4.61538461538461,12.390830785218938,0.8660254037844387,-0.4999999999999998,1
2015-05-01,11.5,11.0,12.2,2014,0,2015-05,2015,5,2.6435557092939104,0.04719449330915176,65.60099925994874,1198.2150085449218,225.21599807739258,3038.3,1000.74,18.783548387096772,5.9,123.7,0.0,8.25,718,1,0,7.67,210000.0,1412.0,9.52,-4.75,35000,920000,87000,646000,70.22,700000.0,646000.0,-7.71,-54000.0,51.5,920000.0,880000.0,-40000.0,104.55,70.22,87000.0,30000.0,-7.71,646000.0,36.36,4.614996369135947,1.4234875444839858,6.56938984930384,-0.2146310605469326,-0.13448336605237365,12.4,12.6,12.8,10.29,-1.6129032258064613,-4.687500000000011,12.190978675779922,0.49999999999999994,-0.8660254037844387,1
2015-06-01,11.5,11.0,12.0,2014,0,2015-06,2015,6,2.7016036185351284,0.052323559767780824,63.70409029180353,1180.7818215110085,214.51636505126953,3200.090909090909,1000.74,21.572333333333333,14.33,198.53,0.0,8.25,718,1,1,7.67,210000.0,1412.0,9.52,-4.75,35000,920000,87000,646000,70.22,700000.0,646000.0,-7.71,-54000.0,51.5,920000.0,880000.0,-40000.0,104.55,70.22,87000.0,30000.0,-7.71,646000.0,36.36,4.441806310026589,1.4234875444839858,6.322855957333223,2.1958269703619138,-1.4549297838527098,12.2,12.4,12.6,10.36,-1.6393442622950727,-4.761904761904756,11.991126566340908,1.2246467991473532e-16,-1.0,1
2015-07-01,11.5,11.0,11.25,2014,0,2015-07,2015,7,2.697497388590937,0.03216364229919871,56.62181802229448,1128.113641912287,215.6509087302468,3279.0,1000.74,23.99967741935484,15.9,35.97,0.0,8.25,718,1,1,7.67,210000.0,1412.0,9.52,-4.75,35000,920000,87000,646000,70.22,700000.0,646000.0,-7.71,-54000.0,51.5,920000.0,880000.0,-40000.0,104.55,70.22,87000.0,30000.0,-7.71,646000.0,36.36,4.170532304343228,1.4234875444839858,5.93670078910068,-0.15199231730441687,-4.460449732476723,12.0,12.2,12.4,10.43,-6.25,-9.2741935483871,11.241681155944601,-0.4999999999999997,-0.8660254037844388,1
2015-08-01,10.5,10.0,10.5,2015,1,2015-08,2015,8,2.8494833423977806,0.06367328320947163,48.21952383858817,1118.7333112444196,210.5828574044364,3094.7619047619046,1000.74,25.697741935483872,18.47,98.78,0.0,8.25,718,1,0,7.67,210000.0,1412.0,9.52,-4.75,35000,920000,87000,646000,70.22,700000.0,646000.0,-7.71,-54000.0,51.5,920000.0,880000.0,-40000.0,104.55,70.22,87000.0,30000.0,-7.71,646000.0,36.36,3.6848785335114362,1.4234875444839858,5.245378695389945,5.634331823625405,-0.8315058270163767,11.25,12.0,12.2,10.5,-6.666666666666665,-13.93442622950819,10.492235745548294,-0.8660254037844385,-0.5000000000000004,1
2015-09-01,10.5,10.0,10.99,2015,1,2015-09,2015,9,3.0126095685091885,0.07867056425050956,48.43333344232468,1123.8238002232142,199.02476210821243,3236.6190476190477,1000.74,25.030666666666665,16.7,66.17,0.0,8.25,718,1,0,7.67,210000.0,1412.0,9.52,-4.75,35000,920000,87000,646000,70.22,700000.0,646000.0,-7.71,-54000.0,51.5,920000.0,880000.0,-40000.0,104.55,70.22,87000.0,30000.0,-7.71,646000.0,36.36,3.648000097615862,1.4234875444839858,5.192882701232544,5.724765036672941,0.45502256235958605,10.5,11.25,12.0,11.47,4.666666666666663,-8.41666666666666,10.981873413673881,-1.0,-1.8369701987210297e-16,1
2015-10-01,10.5,10.0,11.48,2015,1,2015-10,2015,10,2.929490468718789,0.051973079567551934,49.21409121426669,1159.859092018821,174.96727336536753,3134.0454545454545,1000.74,18.580322580645163,10.37,358.54,0.0,8.25,718,1,0,7.67,210000.0,1412.0,9.52,-4.75,35000,920000,87000,646000,70.22,700000.0,646000.0,-7.71,-54000.0,51.5,920000.0,880000.0,-40000.0,104.55,70.22,87000.0,30000.0,-7.71,646000.0,36.36,3.91877021706808,1.4234875444839858,5.578320593691217,-2.7590398921666925,3.206489468228857,10.99,10.5,11.25,12.44,4.458598726114649,2.0444444444444487,11.471511081799468,-0.8660254037844386,0.5000000000000001,1
2015-11-01,10.5,10.0,11.98,2015,0,2015-11,2015,11,2.8730714207603816,0.044619433847970284,45.90700016021729,1084.0050048828125,151.60800018310547,3305.95,1000.74,15.920666666666667,4.57,127.72999999999999,0.0,8.25,718,1,0,7.67,210000.0,1412.0,9.52,-4.75,35000,920000,87000,646000,70.22,700000.0,646000.0,-7.71,-54000.0,51.5,920000.0,880000.0,-40000.0,104.55,70.22,87000.0,30000.0,-7.71,646000.0,36.36,4.1697536348850655,1.4234875444839858,5.935592362825716,-1.925899693508215,-6.539939864934697,11.48,10.99,10.5,13.42,4.355400696864109,14.095238095238095,11.971141355397005,-0.5000000000000004,0.8660254037844384,1
2015-12-01,10.5,10.0,12.47,2015,0,2015-12,2015,12,2.9182738946831743,0.03416476088292258,38.90954520485618,1069.9454567649148,126.32000038840555,3290.818181818182,1000.74,9.822903225806451,-2.83,115.02,0.0,8.25,718,1,0,7.67,210000.0,1412.0,9.52,-4.75,35000,920000,87000,646000,70.22,700000.0,646000.0,-7.71,-54000.0,51.5,920000.0,880000.0,-40000.0,104.55,70.22,87000.0,30000.0,-7.71,646000.0,36.36,4.273073895743368,1.4234875444839858,6.082667467250346,1.5733153584754689,-1.2970002956229632,11.98,11.48,10.99,14.39,4.090150250417368,13.466787989080986,12.460779023522592,-2.4492935982947064e-16,1.0,1
2016-01-01,10.5,10.0,11.5,2015,0,2016-01,2016,1,3.005186217171805,0.043783447015694525,32.212105098523594,1097.6420962685033,132.11789502595602,2894.4736842105262,1300.99,7.333225806451613,-9.53,172.88,0.0,7.5,673,0,0,7.78,230000.0,1345.0,9.52,-4.75,35000,700000,75000,420000,60.0,700000.0,646000.0,-7.71,-54000.0,51.5,920000.0,880000.0,-40000.0,104.55,70.22,87000.0,30000.0,-7.71,646000.0,36.36,3.826717936575226,1.4046916701783958,5.375358809629479,2.9782099153536246,2.588602935642359,12.47,11.98,11.48,13.0,-7.778668805132327,0.17421602787455193,8.839422286105197,0.49999999999999994,0.8660254037844387,1
2016-02-01,10.5,10.0,11.2,2015,0,2016-02,2016,2,2.942111912227812,0.04654645384504544,33.55649995803833,1201.4050048828126,112.9680004119873,2846.5,1300.99,12.894137931034482,-1.97,81.12,0.0,7.5,673,0,0,7.78,230000.0,1345.0,9.52,-4.75,35000,700000,75000,420000,60.0,700000.0,646000.0,-7.71,-54000.0,51.5,920000.0,880000.0,-40000.0,104.55,70.22,87000.0,30000.0,-7.71,646000.0,36.36,3.8067892500796097,1.4046916701783958,5.347365149711489,-2.0988484701408128,9.453255206506483,11.5,12.47,11.98,12.8,-2.60869565217392,-6.510851419031727,8.608828661250278,0.8660254037844386,0.5000000000000001,1
2016-03-01,10.5,10.0,10.9,2015,0,2016-03,2016,3,2.8855478141618813,0.03246807231809216,39.75136375427246,1244.8818192915483,102.23999925093217,3001.5454545454545,1300.99,13.608064516129033,-1.67,164.07,0.0,7.5,673,0,0,7.78,230000.0,1345.0,9.52,-4.75,35000,700000,75000,420000,60.0,700000.0,646000.0,-7.71,-54000.0,51.5,920000.0,880000.0,-40000.0,104.55,70.22,87000.0,30000.0,-7.71,646000.0,36.36,3.7774456366670703,1.4046916701783958,5.306146420377961,-1.9225678612306618,3.618830804935458,11.2,11.5,12.47,12.6,-2.678571428571419,-12.590216519647157,8.37823503639536,1.0,6.123233995736766e-17,1
2016-04-01,10.5,10.0,10.6,2015,0,2016-04,2016,4,2.8327047484261647,0.030243259966641907,43.386666434151785,1242.5380801246279,109.18857102167038,3001.4285714285716,1300.99,18.081,4.93,88.64,0.0,7.5,673,0,0,7.78,230000.0,1345.0,9.52,-4.75,35000,700000,75000,420000,60.0,700000.0,646000.0,-7.71,-54000.0,51.5,920000.0,880000.0,-40000.0,104.55,70.22,87000.0,30000.0,-7.71,646000.0,36.36,3.742006647847539,1.4046916701783958,5.25636556798362,-1.8313009916650858,-0.1882700133137294,10.9,11.2,11.5,12.4,-2.752293577981657,-7.826086956521738,8.147641411540443,0.8660254037844387,-0.4999999999999998,1
2016-05-01,10.5,10.0,10.3,2015,0,2016-05,2016,5,2.9384336363185537,0.05176608692405809,47.73904764084589,1259.5904773530506,107.32190559023903,3011.714285714286,1300.99,18.498709677419356,8.63,242.6,0.0,7.5,673,0,0,7.78,230000.0,1345.0,9.52,-4.75,35000,700000,75000,420000,60.0,700000.0,646000.0,-7.71,-54000.0,51.5,920000.0,880000.0,-40000.0,104.55,70.22,87000.0,30000.0,-7.71,646000.0,36.36,3.5052688863528187,1.4046916701783958,4.923822006395306,3.732435861913652,1.3723842754752802,10.6,10.9,11.2,12.2,-2.8301886792452713,-8.035714285714269,7.917047786685524,0.49999999999999994,-0.8660254037844387,1
2016-06-01,10.5,10.0,10.0,2015,0,2016-06,2016,6,2.9145036285573784,0.04156953073484849,49.92681815407493,1276.7454612038352,125.96363691850142,3104.8636363636365,1300.99,23.213,11.9,137.28,0.0,7.5,673,0,1,7.78,230000.0,1345.0,9.52,-4.75,35000,700000,75000,420000,60.0,700000.0,646000.0,-7.71,-54000.0,51.5,920000.0,880000.0,-40000.0,104.55,70.22,87000.0,30000.0,-7.71,646000.0,36.36,3.4311159890199905,1.4046916701783958,4.819660049192289,-0.8143797248099882,1.361949312830224,10.3,10.6,10.9,12.0,-2.912621359223311,-8.25688073394496,7.686454161830606,1.2246467991473532e-16,-1.0,1
2016-07-01,10.5,10.0,10.25,2015,0,2016-07,2016,7,2.9638423579079762,0.03572128285636496,46.330999755859374,1337.2100036621093,130.68800086975097,3018.2,1300.99,24.316129032258065,17.67,135.15,0.0,7.5,673,0,1,7.78,230000.0,1345.0,9.52,-4.75,35000,700000,75000,420000,60.0,700000.0,646000.0,-7.71,-54000.0,51.5,920000.0,880000.0,-40000.0,104.55,70.22,87000.0,30000.0,-7.71,646000.0,36.36,3.458348576688454,1.4046916701783958,4.857913438247582,1.692869031527655,4.7358337503908166,10.0,10.3,10.6,11.25,2.499999999999991,-3.301886792452824,7.878615515876371,-0.4999999999999997,-0.8660254037844388,1
2016-08-01,10.5,10.0,10.5,2016,1,2016-08,2016,8,2.9605630688045337,0.05597122014688109,47.172608251157016,1337.9565270465353,129.64173756475034,3001.391304347826,1300.99,25.719032258064516,18.07,144.16,0.0,7.5,673,0,0,7.78,230000.0,1345.0,9.52,-4.75,35000,700000,75000,420000,60.0,500000.0,420000.0,-16.0,-80000.0,48.0,700000.0,870000.0,170000.0,80.46,60.0,75000.0,32000.0,-7.71,533000.0,100.0,3.5466226376457057,1.4046916701783958,4.981911276367054,-0.11064316881405079,0.055826936859681986,10.25,10.0,10.3,10.5,2.4390243902439046,1.9417475728155331,8.070776869922136,-0.8660254037844385,-0.5000000000000004,-1
2016-09-01,10.5,10.0,11.38,2016,1,2016-09,2016,9,2.9649958935650913,0.023452300635393677,47.2980953398205,1325.1142868768602,136.05333128429595,2857.4761904761904,1300.99,21.51966666666667,11.73,196.51000000000002,0.0,7.5,673,0,0,7.78,230000.0,1345.0,9.52,-4.75,35000,700000,75000,420000,60.0,500000.0,420000.0,-16.0,-80000.0,48.0,700000.0,870000.0,170000.0,80.46,60.0,75000.0,32000.0,-7.71,533000.0,100.0,3.838116614157183,1.4046916701783958,5.391370437079903,0.14972911090009866,-0.9598398684913634,10.5,10.25,10.0,10.99,8.380952380952378,13.800000000000011,8.74718483616323,-1.0,-1.8369701987210297e-16,-1
2016-10-01,10.5,10.0,12.25,2016,1,2016-10,2016,10,3.0700671332223073,0.042712195367082754,51.244761694045295,1263.2619163876489,142.11809576125373,2738.5238095238096,1300.99,17.557741935483868,7.8,137.69,0.0,7.5,673,0,0,7.78,230000.0,1345.0,9.52,-4.75,35000,700000,75000,420000,60.0,500000.0,420000.0,-16.0,-80000.0,48.0,700000.0,870000.0,170000.0,80.46,60.0,75000.0,32000.0,-7.71,533000.0,100.0,3.9901407586297766,1.4046916701783958,5.604917486486552,3.543722940232441,-4.667700824129684,11.38,10.5,10.25,11.48,7.644991212653762,19.512195121951216,9.415906348242492,-0.8660254037844386,0.5000000000000001,-1
2016-11-01,10.5,10.0,13.12,2016,0,2016-11,2016,11,3.2780963507565586,0.07829980588693276,47.0480960664295,1237.3666701543898,121.63047608875092,2477.4285714285716,1300.99,15.116666666666667,3.63,98.63,0.0,7.5,673,0,0,7.78,230000.0,1345.0,9.52,-4.75,35000,700000,75000,420000,60.0,500000.0,420000.0,-16.0,-80000.0,48.0,700000.0,870000.0,170000.0,80.46,60.0,75000.0,32000.0,-7.71,533000.0,100.0,4.002322871617855,1.4046916701783958,5.622029599126077,6.776047835667565,-2.049871518909363,12.25,11.38,10.5,11.98,7.102040816326527,24.95238095238095,10.084627860321755,-0.5000000000000004,0.8660254037844384,-1
2016-12-01,10.5,10.0,14.0,2016,0,2016-12,2016,12,3.4971859238364478,0.11115222031424463,54.717618851434615,1151.395252046131,144.0152384440104,2263.0,1300.99,6.486129032258065,-5.3,154.17,0.0,7.5,673,0,0,7.78,230000.0,1345.0,9.52,-4.75,35000,700000,75000,420000,60.0,500000.0,420000.0,-16.0,-80000.0,48.0,700000.0,870000.0,170000.0,80.46,60.0,75000.0,32000.0,-7.71,533000.0,100.0,4.003218674928744,1.4046916701783958,5.623287926575003,6.683439095050558,-6.947933881032364,13.12,12.25,11.38,12.47,6.707317073170738,23.022847100175746,10.761035826562848,-2.4492935982947064e-16,1.0,-1
2017-01-01,10.5,10.0,15.0,2016,0,2017-01,2017,1,3.7359940788962622,0.0990538144279881,55.4269998550415,1193.190008544922,131.79200019836426,2181.25,1404.06,8.279677419354838,-4.53,125.54,0.0,8.0,1145,1,0,11.14,290000.0,1690.0,26.09,25.65,40000,970000,79000,675000,69.59,500000.0,420000.0,-16.0,-80000.0,48.0,700000.0,870000.0,170000.0,80.46,60.0,75000.0,32000.0,-7.71,533000.0,100.0,4.014995656639665,1.3760836658868858,5.524969941708635,6.828580471862344,3.629922602557034,14.0,13.12,12.25,11.5,7.14285714285714,22.44897959183674,10.68330413230204,0.49999999999999994,0.8660254037844387,-1
2017-02-01,10.5,10.0,15.2,2016,0,2017-02,2017,2,3.6684824943542482,0.09176756847517845,55.926842739707546,1234.5420949835527,116.55579014828331,2014.7894736842106,1404.06,9.876428571428573,-5.1,57.33,0.0,8.0,1145,1,0,11.14,290000.0,1690.0,26.09,25.65,40000,970000,79000,675000,69.59,500000.0,420000.0,-16.0,-80000.0,48.0,700000.0,870000.0,170000.0,80.46,60.0,75000.0,32000.0,-7.71,533000.0,100.0,4.14340262585214,1.3760836658868858,5.701668674627961,-1.8070581247269901,3.4656748835048434,15.0,14.0,13.12,11.2,1.3333333333333197,15.853658536585357,10.8257481873994,0.8660254037844386,0.5000000000000001,-1
2017-03-01,10.5,10.0,15.4,2016,0,2017-03,2017,3,3.672437387964,0.06253275701878089,52.50565188864003,1230.378269361413,115.67999997346297,2050.8695652173915,1404.06,13.93741935483871,0.97,74.07000000000001,0.0,8.0,1145,1,0,11.14,290000.0,1690.0,26.09,25.65,40000,970000,79000,675000,69.59,500000.0,420000.0,-16.0,-80000.0,48.0,700000.0,870000.0,170000.0,80.46,60.0,75000.0,32000.0,-7.71,533000.0,100.0,4.193400287904639,1.3760836658868858,5.770469640710938,0.1078073458395501,-0.3372769255142516,15.2,15.0,14.0,10.9,1.3157894736842257,10.000000000000009,10.96819224249676,1.0,6.123233995736766e-17,-1
2017-04-01,10.5,10.0,15.6,2016,0,2017-04,2017,4,3.651475489139557,0.047353799854756254,53.81894703915245,1268.6526392886512,120.99368446751645,1940.578947368421,1404.06,15.508333333333333,4.03,60.92,0.0,8.0,1145,1,0,11.14,290000.0,1690.0,26.09,25.65,40000,970000,79000,675000,69.59,500000.0,420000.0,-16.0,-80000.0,48.0,700000.0,870000.0,170000.0,80.46,60.0,75000.0,32000.0,-7.71,533000.0,100.0,4.272245574808999,1.3760836658868858,5.878967352152193,-0.5707898218535568,3.110780715194461,15.4,15.2,15.0,10.6,1.298701298701288,4.0000000000000036,11.11063629759412,0.8660254037844387,-0.4999999999999998,-1
2017-05-01,10.5,10.0,15.8,2016,0,2017-05,2017,5,3.56709827547488,0.05370968610846402,51.34954556551847,1243.7636385830965,119.49818142977628,1961.409090909091,1404.06,18.598064516129032,9.07,98.03,0.0,8.0,1145,1,1,11.14,290000.0,1690.0,26.09,25.65,40000,970000,79000,675000,69.59,500000.0,420000.0,-16.0,-80000.0,48.0,700000.0,870000.0,170000.0,80.46,60.0,75000.0,32000.0,-7.71,533000.0,100.0,4.429370535886506,1.3760836658868858,6.0951844445940635,-2.310770369830961,-1.961845183998534,15.6,15.4,15.2,10.3,1.2820512820512997,3.9473684210526327,11.25308035269148,0.49999999999999994,-0.8660254037844387,-1
2017-06-01,10.5,10.0,16.0,2016,0,2017-06,2017,6,3.5196273001757534,0.029712472448512103,47.54000039534135,1260.0590931285512,107.87636427445845,1930.7727272727273,1404.06,22.623,11.87,72.6,0.0,8.0,1145,1,1,11.14,290000.0,1690.0,26.09,25.65,40000,970000,79000,675000,69.59,500000.0,420000.0,-16.0,-80000.0,48.0,700000.0,870000.0,170000.0,80.46,60.0,75000.0,32000.0,-7.71,533000.0,100.0,4.545935872017198,1.3760836658868858,6.2555880996521225,-1.3308008816439676,1.3101729331803424,15.8,15.6,15.4,10.0,1.2658227848101111,3.8961038961038863,11.395524407788841,1.2246467991473532e-16,-1.0,-1
2017-07-01,10.5,10.0,14.5,2016,0,2017-07,2017,7,3.5563510060310364,0.03351612054672668,49.12550029754639,1235.9599975585938,105.79999961853028,1912.8,1404.06,25.66741935483871,16.6,53.55,0.0,8.0,1145,1,0,11.14,290000.0,1690.0,26.09,25.65,40000,970000,79000,675000,69.59,500000.0,420000.0,-16.0,-80000.0,48.0,700000.0,870000.0,170000.0,80.46,60.0,75000.0,32000.0,-7.71,533000.0,100.0,4.077212844123142,1.3760836658868858,5.61058599714207,1.0433975737558665,-1.912536935876774,16.0,15.8,15.6,10.25,-9.375,-7.051282051282048,10.327193994558638,-0.4999999999999997,-0.8660254037844388,-1
2017-08-01,10.5,10.0,13.0,2017,1,2017-08,2017,8,3.509242617565653,0.028658724986075454,51.90695638241975,1283.7956436820652,104.1391309655231,1963.0869565217392,1404.06,26.348709677419354,19.07,100.84,0.0,8.0,1145,1,0,11.14,290000.0,1690.0,26.09,25.65,40000,970000,79000,675000,69.59,600000.0,675000.0,12.5,75000.0,52.5,970000.0,890000.0,-80000.0,108.99,69.59,79000.0,35000.0,-16.0,580333.0,24.24,3.70450305571008,1.3760836658868858,5.097706145190697,-1.3246270794276205,3.8703231672515104,14.5,16.0,15.8,10.5,-10.344827586206895,-17.721518987341778,9.258863581328434,-0.8660254037844385,-0.5000000000000004,1
2017-09-01,10.5,10.0,13.5,2017,1,2017-09,2017,9,3.4700352237338112,0.04278902219913988,55.65200023651123,1313.9400024414062,106.67200012207032,1989.75,1404.06,25.079333333333334,14.77,51.739999999999995,0.0,8.0,1145,1,0,11.14,290000.0,1690.0,26.09,25.65,40000,970000,79000,675000,69.59,600000.0,675000.0,12.5,75000.0,52.5,970000.0,890000.0,-80000.0,108.99,69.59,79000.0,35000.0,-16.0,580333.0,24.24,3.8904504218472433,1.3760836658868858,5.353585278446736,-1.117260848126811,2.3480652008511127,13.0,14.5,16.0,11.38,3.8461538461538547,-15.625,9.614973719071834,-1.0,-1.8369701987210297e-16,1
2017-10-01,10.5,10.0,14.0,2017,1,2017-10,2017,10,3.6744790944186123,0.08226253407917178,57.64909068020907,1279.2500055486505,101.12727321277966,2086.0,1404.06,19.828709677419358,9.83,109.21000000000001,0.0,8.0,1145,1,0,11.14,290000.0,1690.0,26.09,25.65,40000,970000,79000,675000,69.59,600000.0,675000.0,12.5,75000.0,52.5,970000.0,890000.0,-80000.0,108.99,69.59,79000.0,35000.0,-16.0,580333.0,24.24,3.8100638594639014,1.3760836658868858,5.242966642994221,5.891694392220503,-2.6401507548517444,13.5,13.0,14.5,12.25,3.703703703703698,-3.4482758620689613,9.971083856815236,-0.8660254037844386,0.5000000000000001,1
2017-11-01,10.5,10.0,14.5,2017,0,2017-11,2017,11,3.883872384116763,0.09425868270592723,62.87142853509812,1280.6904703776042,100.16761888776507,2122.3809523809523,1404.06,15.971666666666666,2.53,54.69,0.0,8.0,1145,1,0,11.14,290000.0,1690.0,26.09,25.65,40000,970000,79000,675000,69.59,600000.0,675000.0,12.5,75000.0,52.5,970000.0,890000.0,-80000.0,108.99,69.59,79000.0,35000.0,-16.0,580333.0,24.24,3.7333873428226623,1.3760836658868858,5.137453340887109,5.698584324951272,0.11260229217946449,14.0,13.5,13.0,13.12,3.571428571428581,11.538461538461542,10.327193994558638,-0.5000000000000004,0.8660254037844384,1
2017-12-01,10.5,10.0,15.0,2017,0,2017-12,2017,12,3.8406595389048257,0.05286980462417159,64.06650028228759,1265.5700073242188,88.05600051879883,1905.85,1404.06,14.813870967741936,2.2,111.86,0.0,8.0,1145,1,0,11.14,290000.0,1690.0,26.09,25.65,40000,970000,79000,675000,69.59,600000.0,675000.0,12.5,75000.0,52.5,970000.0,890000.0,-80000.0,108.99,69.59,79000.0,35000.0,-16.0,580333.0,24.24,3.905579197545141,1.3760836658868858,5.3744037395694795,-1.112622685252429,-1.1806492984153594,14.5,14.0,13.5,14.0,3.4482758620689724,11.111111111111116,10.68330413230204,-2.4492935982947064e-16,1.0,1
2018-01-01,10.5,10.0,16.0,2017,0,2018-01,2018,1,3.774754348008529,0.042265993692722055,69.02238028390067,1331.6714274088542,98.87619091215588,1940.5238095238096,1603.12,10.86741935483871,1.0,140.58,0.0,8.0,1352,1,0,16.33,275000.0,1320.0,-5.17,-21.89,40000,820000,89000,537000,65.49,600000.0,675000.0,12.5,75000.0,52.5,970000.0,890000.0,-80000.0,108.99,69.59,79000.0,35000.0,-16.0,580333.0,24.24,4.238686421658464,1.3444474321054047,5.698691075098769,-1.7159862838321271,5.223055200588478,15.0,14.5,14.0,15.0,6.666666666666665,14.28571428571428,9.98053795099556,0.49999999999999994,0.8660254037844387,1
2018-02-01,10.5,10.0,16.1,2017,0,2018-02,2018,2,3.783360004425049,0.024722598315354245,65.70368415430973,1330.0578806023848,90.05473648874383,2101.0526315789475,1603.1200000000001,12.897499999999999,2.87,45.25,0.0,8.0,1352,1,0,16.33,275000.0,1320.0,-5.17,-21.89,40000,820000,89000,537000,65.49,600000.0,675000.0,12.5,75000.0,52.5,970000.0,890000.0,-80000.0,108.99,69.59,79000.0,35000.0,-16.0,580333.0,24.24,4.255476608403459,1.3444474321054047,5.721264598552647,0.22797924376349865,-0.1211670366472517,16.0,15.0,14.5,15.2,0.6250000000000089,11.03448275862069,10.04291631318928,0.8660254037844386,0.5000000000000001,1
2018-03-01,10.5,10.0,16.2,2017,0,2018-03,2018,3,3.887227275154807,0.041536398890227706,66.80904751732236,1324.2381068638392,90.06095195951916,2506.0476190476193,1603.12,16.84258064516129,-0.27,127.45,0.0,8.0,1352,1,0,16.33,275000.0,1320.0,-5.17,-21.89,40000,820000,89000,537000,65.49,600000.0,675000.0,12.5,75000.0,52.5,970000.0,890000.0,-80000.0,108.99,69.59,79000.0,35000.0,-16.0,580333.0,24.24,4.167494940041766,1.3444474321054047,5.6029778704514195,2.7453710619204763,-0.4375579306300392,16.1,16.0,15.0,15.4,0.6211180124223503,7.999999999999985,10.105294675383004,1.0,6.123233995736766e-17,1
2018-04-01,10.5,10.0,16.3,2017,0,2018-04,2018,4,4.05975189663115,0.08301143499769761,71.7623806908017,1335.3428664434523,89.73714338030133,2666.7619047619046,1603.12,17.325,4.67,29.47,0.0,8.0,1352,1,0,16.33,275000.0,1320.0,-5.17,-21.89,40000,820000,89000,537000,65.49,600000.0,675000.0,12.5,75000.0,52.5,970000.0,890000.0,-80000.0,108.99,69.59,79000.0,35000.0,-16.0,580333.0,24.24,4.015023680024884,1.3444474321054047,5.397988276451847,4.438243747131354,0.8385772560126847,16.2,16.1,16.0,15.6,0.6172839506172867,1.8750000000000044,10.167673037576726,0.8660254037844387,-0.4999999999999998,1
2018-05-01,10.5,10.0,16.4,2017,0,2018-05,2018,5,4.409085232278575,0.13288750557354093,77.17681884765625,1302.6181696111505,92.30545356056906,2698.2272727272725,1603.12,21.570645161290326,10.5,73.18,0.0,8.0,1352,1,1,16.33,275000.0,1320.0,-5.17,-21.89,40000,820000,89000,537000,65.49,600000.0,675000.0,12.5,75000.0,52.5,970000.0,890000.0,-80000.0,108.99,69.59,79000.0,35000.0,-16.0,580333.0,24.24,3.7195924179321493,1.3444474321054047,5.000796474767611,8.604795183107306,-2.4506587524940837,16.3,16.2,16.1,15.8,0.6134969325153339,1.8633540372670732,10.23005139977045,0.49999999999999994,-0.8660254037844387,1
2018-06-01,10.5,10.0,16.5,2017,0,2018-06,2018,6,4.626974741617839,0.1563959224498976,75.97952379499164,1280.0238037109375,95.4057155790783,2422.0476190476193,1603.12,24.416666666666668,14.93,81.31,0.0,8.0,1352,1,1,16.33,275000.0,1320.0,-5.17,-21.89,40000,820000,89000,537000,65.49,600000.0,675000.0,12.5,75000.0,52.5,970000.0,890000.0,-80000.0,108.99,69.59,79000.0,35000.0,-16.0,580333.0,24.24,3.5660449692082636,1.3444474321054047,4.794360001624447,4.941830285885862,-1.7345348335619848,16.4,16.3,16.2,16.0,0.6097560975609762,1.85185185185186,10.29242976196417,1.2246467991473532e-16,-1.0,1
2018-07-01,10.5,10.0,14.75,2017,0,2018-07,2018,7,4.7645604610443115,0.09492963529029218,74.7952386765253,1236.0238211495537,90.69333249046689,2368.3809523809523,2020.9,25.732903225806453,18.07,140.17,0.0,8.0,1352,1,0,16.33,275000.0,1320.0,-5.17,-21.89,40000,820000,89000,537000,65.49,600000.0,675000.0,12.5,75000.0,52.5,970000.0,890000.0,-80000.0,108.99,69.59,79000.0,35000.0,-16.0,580333.0,24.24,3.095773496967451,1.3444474321054047,4.162104728377859,2.97355674300408,-3.4374347128407146,16.5,16.4,16.3,14.5,-10.606060606060607,-9.509202453987731,7.298728289376021,-0.4999999999999997,-0.8660254037844388,1
2018-08-01,14.5,14.0,13.0,2018,1,2018-08,2018,8,5.884557765463124,0.46449073380716327,73.92260808530061,1199.9521749745245,95.30434716266134,2185.1739130434785,2020.9,26.146129032258063,18.37,108.58,0.0,8.0,1352,1,0,16.33,275000.0,1320.0,-5.17,-21.89,40000,820000,89000,537000,65.49,550000.0,537000.0,-2.36,-13000.0,50.5,820000.0,880000.0,60000.0,93.18,65.49,89000.0,37000.0,12.5,544000.0,66.67,2.2091719578823574,1.3444474321054047,2.9701155658542047,23.50683370640505,-2.9183617303978004,14.75,16.5,16.4,13.0,-11.864406779661019,-20.731707317073166,6.432777475382255,-0.8660254037844385,-0.5000000000000004,0
2018-09-01,14.5,14.0,13.5,2018,1,2018-09,2018,9,6.348053455352783,0.4597927970738538,79.15999964663857,1196.705258018092,95.02105231034129,2238.9473684210525,2020.9,23.572,14.33,174.88,0.0,24.0,1352,1,0,16.33,275000.0,1320.0,-5.17,-21.89,40000,820000,89000,537000,65.49,550000.0,537000.0,-2.36,-13000.0,50.5,820000.0,880000.0,60000.0,93.18,65.49,89000.0,37000.0,12.5,544000.0,66.67,2.1266361562561475,1.3444474321054047,2.8591505193010858,7.876474466950567,-0.2705871970690277,13.0,14.75,16.5,13.5,3.8461538461538547,-18.181818181818176,6.680191993666188,-1.0,-1.8369701987210297e-16,0
2018-10-01,14.5,14.0,14.0,2018,1,2018-10,2018,10,5.834625223408574,0.2287122282395799,80.62956635848336,1213.9695673403533,106.0660861471425,2138.913043478261,2020.9,20.69193548387097,8.93,152.6,0.0,24.0,1352,1,0,16.33,275000.0,1320.0,-5.17,-21.89,40000,820000,89000,537000,65.49,550000.0,537000.0,-2.36,-13000.0,50.5,820000.0,880000.0,60000.0,93.18,65.49,89000.0,37000.0,12.5,544000.0,66.67,2.399468597200016,1.3444474321054047,3.225959393923119,-8.087963271816466,1.442653419176354,13.5,13.0,14.75,14.0,3.703703703703698,-5.0847457627118615,6.927606511950121,-0.8660254037844386,0.5000000000000001,0
2018-11-01,14.5,14.0,14.5,2018,0,2018-11,2018,11,5.369747725400058,0.21492906121157643,66.23285729544503,1219.2381010509673,132.81714339483352,2188.3809523809523,2020.9,15.439333333333334,5.6,86.85,0.0,24.0,1352,1,0,16.33,275000.0,1320.0,-5.17,-21.89,40000,820000,89000,537000,65.49,550000.0,537000.0,-2.36,-13000.0,50.5,820000.0,880000.0,60000.0,93.18,65.49,89000.0,37000.0,12.5,544000.0,66.67,2.700313076424781,1.3444474321054047,3.6304289814799424,-7.967563985831061,0.4339922393735707,14.0,13.5,13.0,14.5,3.571428571428581,11.538461538461542,7.175021030234054,-0.5000000000000004,0.8660254037844384,0
2018-12-01,14.5,14.0,18.0,2018,0,2018-12,2018,12,5.312047140938895,0.09096718451698604,57.47000021683542,1253.0473697060033,126.53263132195724,2240.7368421052633,2020.9,11.86225806451613,-0.77,162.62,0.0,24.0,1352,1,0,16.33,275000.0,1320.0,-5.17,-21.89,40000,820000,89000,537000,65.49,550000.0,537000.0,-2.36,-13000.0,50.5,820000.0,880000.0,60000.0,93.18,65.49,89000.0,37000.0,12.5,544000.0,66.67,3.3885241456683555,1.3444474321054047,4.555692586270981,-1.074549260260893,2.7729832774987084,14.5,14.0,13.5,15.0,24.13793103448276,33.33333333333333,8.906922658221584,-2.4492935982947064e-16,1.0,0
2019-01-01,14.5,14.0,18.5,2018,0,2019-01,2019,1,5.364930422409721,0.07374670037327333,60.12190500895182,1290.8618977864583,105.09523700532459,2303.9523809523807,2558.4,11.763225806451613,-3.2,87.03,0.0,24.0,1352,1,0,15.18,320000.0,2010.0,16.36,52.27,40000,1080000,65000,773000,71.57,550000.0,537000.0,-2.36,-13000.0,50.5,820000.0,880000.0,60000.0,93.18,65.49,89000.0,37000.0,12.5,544000.0,66.67,3.4483205826349765,1.3208294809140142,4.554643485186867,0.9955348675892761,3.017805152037245,18.0,14.5,14.0,16.0,2.777777777777768,32.14285714285714,7.231081926203877,0.49999999999999994,0.8660254037844387,0
2019-02-01,14.5,14.0,18.0,2018,0,2019-02,2019,2,5.268704986572265,0.08265990538352148,64.2763153879266,1318.4473684210527,95.41894772178249,2249.7894736842104,2558.4,10.664642857142857,0.53,47.33,0.0,24.0,1352,1,0,15.18,320000.0,2010.0,16.36,52.27,40000,1080000,65000,773000,71.57,550000.0,537000.0,-2.36,-13000.0,50.5,820000.0,880000.0,60000.0,93.18,65.49,89000.0,37000.0,12.5,544000.0,66.67,3.416399294679528,1.3208294809140142,4.512480906986565,-1.7936008160611805,2.136980778648545,18.5,18.0,14.5,16.1,-2.7027027027026973,24.13793103448276,7.0356472795497185,0.8660254037844386,0.5000000000000001,0
2019-03-01,14.5,14.0,17.5,2018,0,2019-03,2019,3,5.45169380732945,0.07526066456535813,67.02761949811664,1298.5285935174852,98.92571331205822,2201.190476190476,2558.4,11.475806451612904,0.0,72.39,0.0,24.0,1352,1,0,15.18,320000.0,2010.0,16.36,52.27,40000,1080000,65000,773000,71.57,550000.0,537000.0,-2.36,-13000.0,50.5,820000.0,880000.0,60000.0,93.18,65.49,89000.0,37000.0,12.5,544000.0,66.67,3.210011533749819,1.3208294809140142,4.2398778678507725,3.473127100939366,-1.5107751269147651,18.0,18.5,18.0,16.2,-2.777777777777779,-2.777777777777779,6.840212632895559,1.0,6.123233995736766e-17,0
2019-04-01,14.5,14.0,17.0,2018,0,2019-04,2019,4,5.7525527694008565,0.12455311945796582,71.62857237316314,1284.7857200985864,91.44190434047154,2376.0,2558.4,15.182333333333332,3.73,86.22,0.0,24.0,1352,1,0,15.18,320000.0,2010.0,16.36,52.27,40000,1080000,65000,773000,71.57,550000.0,537000.0,-2.36,-13000.0,50.5,820000.0,880000.0,60000.0,93.18,65.49,89000.0,37000.0,12.5,544000.0,66.67,2.9552097445201873,1.3208294809140142,3.9033281528466355,5.518632790178368,-1.058341994739742,17.5,18.0,18.5,16.3,-2.857142857142858,-8.108108108108103,6.644777986241401,0.8660254037844387,-0.4999999999999998,0
2019-05-01,14.5,14.0,16.5,2018,0,2019-05,2019,5,6.048031828620217,0.15140450497547106,70.31181820956144,1283.3727195046165,89.52181764082475,2371.4545454545455,2558.4,21.398064516129033,9.47,41.980000000000004,0.0,24.0,1352,1,1,15.18,320000.0,2010.0,16.36,52.27,40000,1080000,65000,773000,71.57,550000.0,537000.0,-2.36,-13000.0,50.5,820000.0,880000.0,60000.0,93.18,65.49,89000.0,37000.0,12.5,544000.0,66.67,2.7281602457711056,1.3208294809140142,3.6034344812720986,5.136485853568895,-0.10997947532148666,17.0,17.5,18.0,16.4,-2.941176470588236,-8.333333333333337,6.449343339587242,0.49999999999999994,-0.8660254037844387,0
2019-06-01,14.5,14.0,16.0,2018,0,2019-06,2019,6,5.808827996253967,0.12249946593027224,63.03800010681152,1359.669989013672,79.75799980163575,2483.85,2558.4,24.296,16.13,117.91,0.0,24.0,1352,1,1,15.18,320000.0,2010.0,16.36,52.27,40000,1080000,65000,773000,71.57,550000.0,537000.0,-2.36,-13000.0,50.5,820000.0,880000.0,60000.0,93.18,65.49,89000.0,37000.0,12.5,544000.0,66.67,2.754428261659353,1.3208294809140142,3.6381300510624137,-3.9550690066527117,5.945059322946045,16.5,17.0,17.5,16.5,-3.0303030303030276,-8.571428571428575,6.253908692933083,1.2246467991473532e-16,-1.0,0
2019-07-01,14.5,14.0,14.5,2018,0,2019-07,2019,7,5.676456534344217,0.08823917329152857,64.25636395541105,1413.295448996804,79.27454618974166,2469.3636363636365,2558.4,24.148709677419355,15.3,100.85,0.0,19.75,1352,1,0,15.18,320000.0,2010.0,16.36,52.27,40000,1080000,65000,773000,71.57,550000.0,537000.0,-2.36,-13000.0,50.5,820000.0,880000.0,60000.0,93.18,65.49,89000.0,37000.0,12.5,544000.0,66.67,2.554410469325498,1.3208294809140142,3.3739406542405206,-2.2787980982586276,3.944005561381325,16.0,16.5,17.0,14.75,-9.375,-14.70588235294118,5.667604752970607,-0.4999999999999997,-0.8660254037844388,0
2019-08-01,13.0,12.5,13.0,2019,1,2019-08,2019,8,5.646308617158369,0.0793121383894699,59.501818050037734,1502.0363658558238,75.44545503096147,2196.7272727272725,2558.4,24.702903225806452,16.87,129.39,0.0,19.75,1352,1,0,15.18,320000.0,2010.0,16.36,52.27,40000,1080000,65000,773000,71.57,700000.0,773000.0,10.43,73000.0,53.0,1080000.0,920000.0,-160000.0,117.39,71.57,65000.0,39000.0,-2.36,661667.0,0.0,2.3023892035399474,1.3208294809140142,3.041063536573699,-0.5311045192268105,6.279006765500483,14.5,16.0,16.5,13.0,-10.344827586206895,-21.212121212121215,5.08130081300813,-0.8660254037844385,-0.5000000000000004,1
2019-09-01,13.0,12.5,14.75,2019,1,2019-09,2019,9,5.717499960036505,0.10159558635629,62.468499946594235,1507.4199951171875,87.13199996948242,2346.9,2558.4,22.45266666666667,11.6,113.03,0.0,19.75,1352,1,0,15.18,320000.0,2010.0,16.36,52.27,40000,1080000,65000,773000,71.57,700000.0,773000.0,10.43,73000.0,53.0,1080000.0,920000.0,-160000.0,117.39,71.57,65000.0,39000.0,-2.36,661667.0,0.0,2.5797988811714525,1.3208294809140142,3.4074744170802442,1.2608475325240676,0.3584220318325171,13.0,14.5,16.0,13.5,13.461538461538458,-7.8125,5.765322076297686,-1.0,-1.8369701987210297e-16,1
2019-10-01,13.0,12.5,16.5,2019,1,2019-10,2019,10,5.792301758475926,0.07305809041677526,59.632173289423406,1493.330423106318,79.08869569197945,2465.8695652173915,2558.4,20.524193548387096,11.97,100.53,0.0,19.75,1352,1,0,15.18,320000.0,2010.0,16.36,52.27,40000,1080000,65000,773000,71.57,700000.0,773000.0,10.43,73000.0,53.0,1080000.0,920000.0,-160000.0,117.39,71.57,65000.0,39000.0,-2.36,661667.0,0.0,2.8486084958980955,1.3208294809140142,3.7625260809643324,1.308295565583939,-0.9346812471977439,14.75,13.0,14.5,14.0,11.864406779661007,13.793103448275868,6.449343339587242,-0.8660254037844386,0.5000000000000001,1
2019-11-01,13.0,12.5,18.25,2019,0,2019-11,2019,11,5.740306241171701,0.06625460938882975,62.65149974822998,1470.0000061035157,82.87200012207032,2614.9,2558.4,18.363999999999997,4.93,53.46,0.0,19.75,1352,1,0,15.18,320000.0,2010.0,16.36,52.27,40000,1080000,65000,773000,71.57,700000.0,773000.0,10.43,73000.0,53.0,1080000.0,920000.0,-160000.0,117.39,71.57,65000.0,39000.0,-2.36,661667.0,0.0,3.179272887760574,1.3208294809140142,4.199277358024798,-0.8976658929783721,-1.562307754654324,16.5,14.75,13.0,14.5,10.606060606060597,40.38461538461537,7.133364602876798,-0.5000000000000004,0.8660254037844384,1
2019-12-01,13.0,12.5,20.0,2019,0,2019-12,2019,12,5.849623159928755,0.048067307257406065,65.17380886986142,1480.8523763020833,70.62095315115792,2552.3809523809523,2558.4,13.45,2.8,108.95,0.0,12.0,1352,1,0,15.18,320000.0,2010.0,16.36,52.27,40000,1080000,65000,773000,71.57,700000.0,773000.0,10.43,73000.0,53.0,1080000.0,920000.0,-160000.0,117.39,71.57,65000.0,39000.0,-2.36,661667.0,0.0,3.419023662413766,1.3208294809140142,4.515947249258707,1.9043743341250918,0.738256473027743,18.25,16.5,14.75,18.0,9.589041095890405,35.593220338983045,7.817385866166354,-2.4492935982947064e-16,1.0,1
2020-01-01,13.0,12.5,20.31,2019,0,2020-01,2020,1,5.923852609551472,0.06485072439702955,63.5999999273391,1559.933337983631,62.94476191202799,2667.3809523809523,2942.55,9.257741935483871,-0.2,128.14,0.0,12.0,1066,0,0,12.28,280924.0,1945.0,-12.21,-3.23,43000,1020000,72000,710000,69.61,700000.0,773000.0,10.43,73000.0,53.0,1080000.0,920000.0,-160000.0,117.39,71.57,65000.0,39000.0,-2.36,661667.0,0.0,3.4285120408385352,1.3099292638197537,4.491108253652784,1.2689612235400993,5.340232621905572,20.0,18.25,16.5,18.5,1.5499999999999847,23.090909090909072,6.90217668348881,0.49999999999999994,0.8660254037844387,1
2020-02-01,13.0,12.5,20.62,2019,0,2020-02,2020,2,6.054317975044251,0.05478096031396211,55.362105319374486,1595.6157804790296,57.44000003212377,2871.684210526316,2942.55,10.898275862068965,-9.1,134.64000000000001,0.0,12.0,1066,0,0,12.28,280924.0,1945.0,-12.21,-3.23,43000,1020000,72000,710000,69.61,700000.0,773000.0,10.43,73000.0,53.0,1080000.0,920000.0,-160000.0,117.39,71.57,65000.0,39000.0,-2.36,661667.0,0.0,3.405833668630411,1.3099292638197537,4.461401190241565,2.2023735918483167,2.287433804159966,20.31,20.0,18.25,18.0,1.5263417035942917,12.986301369863028,7.007527484664661,0.8660254037844386,0.5000000000000001,1
2020-03-01,13.0,12.5,20.94,2019,0,2020-03,2020,3,6.327274495905096,0.11720029859460745,33.72909112410112,1594.6500077681108,53.927272449840196,2459.8636363636365,2942.55,13.44,1.5,88.83,0.0,12.0,1066,0,0,12.28,280924.0,1945.0,-12.21,-3.23,43000,1020000,72000,710000,69.61,700000.0,773000.0,10.43,73000.0,53.0,1080000.0,920000.0,-160000.0,117.39,71.57,65000.0,39000.0,-2.36,661667.0,0.0,3.309481833537017,1.3099292638197537,4.335187101829994,4.508460275558113,-0.06052664574606181,20.62,20.31,20.0,17.5,1.5518913676042745,4.700000000000015,7.116276698781668,1.0,6.123233995736766e-17,1
2020-04-01,13.0,12.5,21.25,2019,0,2020-04,2020,4,6.8384577144276015,0.20926478657300926,26.63142867315383,1694.9809395926338,52.512381054106214,2323.0,2942.55,13.801333333333332,2.73,74.34,0.0,12.0,1066,0,1,12.28,280924.0,1945.0,-12.21,-3.23,43000,1020000,72000,710000,69.61,700000.0,773000.0,10.43,73000.0,53.0,1080000.0,920000.0,-160000.0,117.39,71.57,65000.0,39000.0,-2.36,661667.0,0.0,3.1074258096481753,1.3099292638197537,4.070508003206936,8.07904286203065,6.291721151084895,20.94,20.62,20.31,17.0,1.4804202483285511,4.6282619399310665,7.22162749995752,0.8660254037844387,-0.4999999999999998,1
2020-05-01,13.0,12.5,21.56,2019,0,2020-05,2020,5,6.9292314393179755,0.14231981553786358,32.256000232696536,1718.6900146484375,48.93400001525879,2411.0,2942.55,20.00741935483871,8.33,101.55,0.0,8.25,1066,0,1,12.28,280924.0,1945.0,-12.21,-3.23,43000,1020000,72000,710000,69.61,700000.0,773000.0,10.43,73000.0,53.0,1080000.0,920000.0,-160000.0,117.39,71.57,65000.0,39000.0,-2.36,661667.0,0.0,3.1114561822345608,1.3099292638197537,4.07578750620194,1.3274005438223657,1.3987812194219629,21.25,20.94,20.62,16.5,1.4588235294117569,4.55868089233753,7.32697830113337,0.49999999999999994,-0.8660254037844387,1
2020-06-01,13.0,12.5,21.88,2019,0,2020-06,2020,6,6.8088999878276475,0.10399129245036155,40.77272727272727,1735.922735040838,41.70727244290438,2400.7727272727275,2942.55,23.756666666666668,13.77,69.32000000000001,0.0,8.25,1066,0,0,12.28,280924.0,1945.0,-12.21,-3.23,43000,1020000,72000,710000,69.61,700000.0,773000.0,10.43,73000.0,53.0,1080000.0,920000.0,-160000.0,117.39,71.57,65000.0,39000.0,-2.36,661667.0,0.0,3.213441237074291,1.3099292638197537,4.2093807140087645,-1.7365771737330227,1.002665998261798,21.56,21.25,20.94,16.0,1.4842300556586308,4.489016236867238,7.4357275152503775,1.2246467991473532e-16,-1.0,1
2020-07-01,13.0,12.5,22.19,2019,0,2020-07,2020,7,6.866032206493875,0.031630822775828474,43.24136369878595,1847.5409046519887,41.230909000743516,2252.590909090909,2942.55,25.562258064516133,19.27,118.92,0.0,8.25,1066,0,0,12.28,280924.0,1945.0,-12.21,-3.23,43000,1020000,72000,710000,69.61,700000.0,773000.0,10.43,73000.0,53.0,1080000.0,920000.0,-160000.0,117.39,71.57,65000.0,39000.0,-2.36,661667.0,0.0,3.2318520118523124,1.3099292638197537,4.23349752666009,0.8390814781882971,6.429904243896245,21.88,21.56,21.25,14.5,1.416819012797088,4.423529411764715,7.541078316426228,-0.4999999999999997,-0.8660254037844388,1
2020-08-01,22.5,22.0,22.5,2020,1,2020-08,2020,8,7.256516706375849,0.15702870180923933,45.01999991280692,1966.2380836123511,52.77714284261068,2506.095238095238,2942.55,24.99516129032258,17.0,107.94999999999999,0.0,8.25,1066,0,0,12.28,280924.0,1945.0,-12.21,-3.23,43000,1020000,72000,710000,69.61,700000.0,710000.0,1.43,10000.0,51.0,1020000.0,950000.0,-70000.0,107.37,69.61,72000.0,43000.0,10.43,673333.0,27.27,3.100661227752794,1.3099292638197537,4.061646879424671,5.68719295421678,6.424603572320953,22.19,21.88,21.56,13.0,1.3970256872465114,4.359925788497221,7.6464291176020796,-0.8660254037844385,-0.5000000000000004,1
2020-09-01,22.5,22.0,23.38,2020,1,2020-09,2020,9,7.5294740850275215,0.13600012247042875,41.86714299519857,1920.2761869884673,49.87238075619652,2629.6666666666665,2942.55,25.362000000000002,17.9,63.57,0.0,8.25,1066,0,0,12.28,280924.0,1945.0,-12.21,-3.23,43000,1020000,72000,710000,69.61,700000.0,710000.0,1.43,10000.0,51.0,1020000.0,950000.0,-70000.0,107.37,69.61,72000.0,43000.0,10.43,673333.0,27.27,3.1051305490899423,1.3099292638197537,4.067501374233616,3.761548270285675,-2.3375549994150813,22.5,22.19,21.88,14.75,3.9111111111111097,6.855575868372954,7.945489456423849,-1.0,-1.8369701987210297e-16,1
2020-10-01,22.5,22.0,24.25,2020,1,2020-10,2020,10,7.920686895197088,0.16186871881548812,41.524091026999734,1900.245450106534,48.70363634282892,2423.0454545454545,2942.55,23.483225806451614,11.87,54.67,0.0,8.25,1066,0,0,12.28,280924.0,1945.0,-12.21,-3.23,43000,1020000,72000,710000,69.61,700000.0,710000.0,1.43,10000.0,51.0,1020000.0,950000.0,-70000.0,107.37,69.61,72000.0,43000.0,10.43,673333.0,27.27,3.061603156502072,1.3099292638197537,4.010483568904993,5.195752130251696,-1.043117496204915,23.38,22.5,22.19,16.5,3.7211291702309746,9.28346101847679,8.241151382304464,-0.8660254037844386,0.5000000000000001,1
2020-11-01,22.5,22.0,25.12,2020,0,2020-11,2020,11,7.979797590346563,0.2563582441130816,43.78900012969971,1866.0799987792968,43.344000053405765,2624.8,2942.55,14.496,4.23,149.3,0.0,8.25,1066,0,0,12.28,280924.0,1945.0,-12.21,-3.23,43000,1020000,72000,710000,69.61,700000.0,710000.0,1.43,10000.0,51.0,1020000.0,950000.0,-70000.0,107.37,69.61,72000.0,43000.0,10.43,673333.0,27.27,3.147949520723249,1.3099292638197537,4.123591198222752,0.7462824365058296,-1.7979493820296621,24.25,23.38,22.5,18.25,3.5876288659793865,11.644444444444456,8.536813308185078,-0.5000000000000004,0.8660254037844384,1
2020-12-01,22.5,22.0,26.0,2020,0,2020-12,2020,12,7.710697402124819,0.2116945443791414,50.218181956898086,1859.2954434481535,37.40909090909091,2670.0,2942.55,14.471290322580646,1.23,34.51,0.0,17.0,1066,0,0,12.28,280924.0,1945.0,-12.21,-3.23,43000,1020000,72000,710000,69.61,700000.0,710000.0,1.43,10000.0,51.0,1020000.0,950000.0,-70000.0,107.37,69.61,72000.0,43000.0,10.43,673333.0,27.27,3.3719388330341222,1.3099292638197537,4.417001353201627,-3.3722683460954417,-0.3635725872192741,25.12,24.25,23.38,20.0,3.5031847133757843,11.206159110350722,8.835873647006848,-2.4492935982947064e-16,1.0,1
2021-01-01,22.5,22.0,23.5,2020,0,2021-01,2021,1,7.400627136230469,0.1704081277768508,55.35157916420385,1865.1842169510692,38.55157872250206,2523.9473684210525,2825.9,13.506129032258064,-3.9,80.27,0.0,17.0,2943,0,0,19.6,344370.0,2260.0,22.58,16.2,46000,1060000,73000,750000,70.75,700000.0,710000.0,1.43,10000.0,51.0,1020000.0,950000.0,-70000.0,107.37,69.61,72000.0,43000.0,10.43,673333.0,27.27,3.1754065658778474,1.2453300124533002,3.954429098228951,-4.021299886686059,0.31672069781414347,26.0,25.12,24.25,20.31,-9.615384615384615,-3.0927835051546393,8.315934746452458,0.49999999999999994,0.8660254037844387,1
2021-02-01,22.5,22.0,24.0,2020,0,2021-02,2021,2,7.084781527519226,0.1446079719244819,62.22789423089279,1805.531584087171,42.60210539165296,2570.7894736842104,2825.9,11.673214285714286,-6.93,101.66,0.0,17.0,2943,0,0,19.6,344370.0,2260.0,22.58,16.2,46000,1060000,73000,750000,70.75,700000.0,710000.0,1.43,10000.0,51.0,1020000.0,950000.0,-70000.0,107.37,69.61,72000.0,43000.0,10.43,673333.0,27.27,3.3875427078135645,1.2453300124533002,4.218608602507553,-4.267822211512195,-3.1982166866825423,23.5,26.0,25.12,20.62,2.127659574468077,-4.458598726114649,8.492869528291871,0.8660254037844386,0.5000000000000001,1
2021-03-01,22.5,22.0,24.5,2020,0,2021-03,2021,3,7.67928876047549,0.24836673724324923,65.70217381352964,1719.5173923658288,39.18608690344769,2577.3478260869565,2825.9,10.622903225806452,-1.33,104.66,0.0,19.0,2943,0,0,19.6,344370.0,2260.0,22.58,16.2,46000,1060000,73000,750000,70.75,700000.0,710000.0,1.43,10000.0,51.0,1020000.0,950000.0,-70000.0,107.37,69.61,72000.0,43000.0,10.43,673333.0,27.27,3.1903996273846325,1.2453300124533002,3.9731004077019088,8.391327673930892,-4.763926174397481,24.0,23.5,26.0,20.94,2.083333333333326,-5.769230769230771,8.669804310131285,1.0,6.123233995736766e-17,1
2021-04-01,22.5,22.0,25.0,2020,0,2021-04,2021,4,8.16546682877974,0.2986071320725483,65.32857150123233,1759.7571440197173,39.39619064331055,2399.714285714286,2825.9,16.084333333333333,4.93,58.99,0.0,19.0,2943,0,1,19.6,344370.0,2260.0,22.58,16.2,46000,1060000,73000,750000,70.75,700000.0,710000.0,1.43,10000.0,51.0,1020000.0,950000.0,-70000.0,107.37,69.61,72000.0,43000.0,10.43,673333.0,27.27,3.0616743076936896,1.2453300124533002,3.8127949037281317,6.331029910042685,2.3401770655267384,24.5,24.0,23.5,21.25,2.0408163265306145,6.382978723404253,8.846739091970699,0.8660254037844387,-0.4999999999999998,1
2021-05-01,22.5,22.0,25.5,2020,0,2021-05,2021,5,8.372642380850655,0.11284259338616104,68.25849990844726,1850.6450073242188,42.446000289916995,2425.65,2825.9,20.381290322580643,6.03,69.11,0.0,19.0,2943,0,1,19.6,344370.0,2260.0,22.58,16.2,46000,1060000,73000,750000,70.75,700000.0,710000.0,1.43,10000.0,51.0,1020000.0,950000.0,-70000.0,107.37,69.61,72000.0,43000.0,10.43,673333.0,27.27,3.0456334858302183,1.2453300124533002,3.792818786837134,2.5372162598310988,5.164795813636602,25.0,24.5,24.0,21.56,2.0000000000000018,6.25,9.023673873810113,0.49999999999999994,-0.8660254037844387,1
2021-06-01,22.5,22.0,26.0,2020,0,2021-06,2021,6,8.619925889101895,0.1293807180433593,73.40818162397905,1834.1227361505682,46.058182282881305,2358.409090909091,2825.9,21.921666666666667,12.17,53.51,0.0,19.0,2943,0,0,19.6,344370.0,2260.0,22.58,16.2,46000,1060000,73000,750000,70.75,700000.0,710000.0,1.43,10000.0,51.0,1020000.0,950000.0,-70000.0,107.37,69.61,72000.0,43000.0,10.43,673333.0,27.27,3.0162672318182686,1.2453300124533002,3.756248109362726,2.9534703263668582,-0.8927844674835539,25.5,25.0,24.5,21.88,1.9607843137254832,6.1224489795918435,9.200608655649527,1.2246467991473532e-16,-1.0,1
2021-07-01,22.5,22.0,26.5,2020,0,2021-07,2021,7,8.60289547660134,0.09408291178847973,74.15714336576916,1805.5047607421875,53.20952351888021,2331.0,2825.9,26.51032258064516,18.2,102.28,0.0,19.0,2943,0,0,19.6,344370.0,2260.0,22.58,16.2,46000,1060000,73000,750000,70.75,700000.0,710000.0,1.43,10000.0,51.0,1020000.0,950000.0,-70000.0,107.37,69.61,72000.0,43000.0,10.43,673333.0,27.27,3.080358243579299,1.2453300124533002,3.8360625698372344,-0.19757028911450147,-1.5603086338945804,26.0,25.5,25.0,22.19,1.9230769230769162,6.000000000000005,9.377543437488942,-0.4999999999999997,-0.8660254037844388,1
2021-08-01,27.0,26.5,27.0,2021,1,2021-08,2021,8,8.473809545690363,0.08541547380983908,70.51363615556197,1785.231805974787,56.559999986128375,2530.2727272727275,2825.9,25.823870967741936,19.4,139.57999999999998,0.0,19.0,2943,0,0,19.6,344370.0,2260.0,22.58,16.2,46000,1060000,73000,750000,70.75,700000.0,750000.0,7.14,50000.0,51.5,1060000.0,980000.0,-80000.0,108.16,70.75,73000.0,46000.0,1.43,744333.0,24.24,3.1862882749980788,1.2453300124533002,3.967980417183162,-1.500494005327302,-1.1228413908511037,26.5,26.0,25.5,22.5,1.8867924528301883,5.882352941176472,9.554478219328356,-0.8660254037844385,-0.5000000000000004,1
2021-09-01,27.0,26.5,29.75,2021,1,2021-09,2021,9,8.53551634875211,0.11734082785360594,75.0028559366862,1775.8999953497023,71.31238065447126,2642.4761904761904,2825.9,21.482333333333333,11.47,189.52,0.0,19.0,2943,0,0,19.6,344370.0,2260.0,22.58,16.2,46000,1060000,73000,750000,70.75,700000.0,750000.0,7.14,50000.0,51.5,1060000.0,980000.0,-80000.0,108.16,70.75,73000.0,46000.0,1.43,744333.0,24.24,3.4854364732544205,1.2453300124533002,4.3405186466431145,0.7282061595676126,-0.5227226287282782,27.0,26.5,26.0,23.38,10.185185185185187,14.423076923076916,10.527619519445132,-1.0,-1.8369701987210297e-16,1
2021-10-01,27.0,26.5,32.5,2021,1,2021-10,2021,10,9.188430559067498,0.2614290150141751,83.74619038899739,1776.404750279018,77.04380979992095,2632.6190476190477,2825.9,17.824193548387097,6.33,135.0,0.0,19.0,2943,0,0,19.6,344370.0,2260.0,22.58,16.2,46000,1060000,73000,750000,70.75,700000.0,750000.0,7.14,50000.0,51.5,1060000.0,980000.0,-80000.0,108.16,70.75,73000.0,46000.0,1.43,744333.0,24.24,3.537056713992113,1.2453300124533002,4.404802881683827,7.649381521140719,0.02842248609928877,29.75,27.0,26.5,24.25,9.243697478991585,22.64150943396226,11.50076081956191,-0.8660254037844386,0.5000000000000001,1
2021-11-01,27.0,26.5,35.25,2021,0,2021-11,2021,11,10.607884016903965,0.49630877898049763,80.78428540910993,1819.499988374256,68.26285734630767,2452.6666666666665,2825.9,16.978666666666665,4.13,92.18,0.0,19.0,2943,0,0,19.6,344370.0,2260.0,22.58,16.2,46000,1060000,73000,750000,70.75,700000.0,750000.0,7.14,50000.0,51.5,1060000.0,980000.0,-80000.0,108.16,70.75,73000.0,46000.0,1.43,744333.0,24.24,3.323000133092342,1.2453300124533002,4.138231797126204,15.448268871507054,2.4259807956755974,32.5,29.75,27.0,25.12,8.461538461538453,30.555555555555557,12.473902119678685,-0.5000000000000004,0.8660254037844384,1
2021-12-01,27.0,26.5,38.0,2021,0,2021-12,2021,12,13.366419999495797,1.5856210174620269,74.74318140203303,1791.0454434481535,50.42909102006392,2480.7727272727275,2825.9,13.801290322580645,-2.67,73.67,0.0,14.0,2943,0,0,19.6,344370.0,2260.0,22.58,16.2,46000,1060000,73000,750000,70.75,700000.0,750000.0,7.14,50000.0,51.5,1060000.0,980000.0,-80000.0,108.16,70.75,73000.0,46000.0,1.43,744333.0,24.24,2.842945231515501,1.2453300124533002,3.540405020567249,26.004582800830267,-1.5638661779562302,35.25,32.5,29.75,26.0,7.801418439716312,27.73109243697478,13.447043419795463,-2.4492935982947064e-16,1.0,1
2022-01-01,27.0,26.5,40.0,2021,0,2022-01,2022,1,13.507523264203753,1.1629716002052932,85.52699966430664,1816.6399963378906,55.807999992370604,2540.2,4253.4,9.326774193548387,-5.03,109.46,0.0,14.0,1934,0,0,72.31,312564.0,1749.0,-9.24,-22.61,51000,1000000,72000,710000,71.0,700000.0,750000.0,7.14,50000.0,51.5,1060000.0,980000.0,-80000.0,108.16,70.75,73000.0,46000.0,1.43,744333.0,24.24,2.961312686094266,1.1294330246216397,3.3446043439058792,1.0556548777703956,1.429028670565824,38.0,35.25,32.5,23.5,5.263157894736836,23.076923076923084,9.404241312832088,0.49999999999999994,0.8660254037844387,1
2022-02-01,27.0,26.5,42.0,2021,0,2022-02,2022,2,13.609162092208862,0.29805452890517226,94.03368457994964,1857.7420911287006,62.46105294478567,2638.5263157894738,4253.4,12.043928571428571,0.13,56.23,0.0,14.0,1934,0,0,72.31,312564.0,1749.0,-9.24,-22.61,51000,1000000,72000,710000,71.0,700000.0,750000.0,7.14,50000.0,51.5,1060000.0,980000.0,-80000.0,108.16,70.75,73000.0,46000.0,1.43,744333.0,24.24,3.086156202375212,1.1294330246216397,3.485606734103469,0.7524608769282182,2.2625338467537004,40.0,38.0,35.25,24.0,5.000000000000004,19.14893617021276,9.874453378473692,0.8660254037844386,0.5000000000000001,1
2022-03-01,27.0,26.5,44.0,2021,0,2022-03,2022,3,14.556327778360117,0.3882115562529426,112.46304420802905,1950.6739024286685,69.92173899774966,2569.1304347826085,4253.4,7.872258064516129,-2.53,154.65,0.0,14.0,1934,0,0,72.31,312564.0,1749.0,-9.24,-22.61,51000,1000000,72000,710000,71.0,700000.0,750000.0,7.14,50000.0,51.5,1060000.0,980000.0,-80000.0,108.16,70.75,73000.0,46000.0,1.43,744333.0,24.24,3.0227403964763524,1.1294330246216397,3.4139828286383014,6.959764897601595,5.002406509695101,42.0,40.0,38.0,24.5,4.761904761904767,15.789473684210531,10.344665444115297,1.0,6.123233995736766e-17,1
2022-04-01,27.0,26.5,46.0,2021,0,2022-04,2022,4,14.695495696294875,0.19868577884017052,105.91699981689453,1933.9300048828125,93.74799995422363,2559.7,4253.4,17.796,2.23,57.88,0.0,14.0,1934,0,1,72.31,312564.0,1749.0,-9.24,-22.61,51000,1000000,72000,710000,71.0,700000.0,750000.0,7.14,50000.0,51.5,1060000.0,980000.0,-80000.0,108.16,70.75,73000.0,46000.0,1.43,744333.0,24.24,3.1302108449188157,1.1294330246216397,3.5353635022801164,0.9560647441702264,-0.858364769478348,44.0,42.0,40.0,25.0,4.545454545454541,14.999999999999991,10.8148775097569,0.8660254037844387,-0.4999999999999998,1
2022-05-01,27.0,26.5,48.0,2021,0,2022-05,2022,5,15.565809466622092,0.3011195158281025,111.4971429734003,1845.9380987258185,111.57904779343377,2493.6190476190477,4253.4,18.029677419354837,7.43,79.94,0.0,14.0,1934,0,1,72.31,312564.0,1749.0,-9.24,-22.61,51000,1000000,72000,710000,71.0,700000.0,750000.0,7.14,50000.0,51.5,1060000.0,980000.0,-80000.0,108.16,70.75,73000.0,46000.0,1.43,744333.0,24.24,3.083681584496254,1.1294330246216397,3.4828118189476545,5.922316526870519,-4.549901285715141,46.0,44.0,42.0,25.5,4.347826086956519,14.28571428571428,11.285089575398505,0.49999999999999994,-0.8660254037844387,1
2022-06-01,27.0,26.5,50.0,2021,0,2022-06,2022,6,16.959887764670633,0.6544504962437374,117.66381000337147,1834.547619047619,103.56190527053107,2396.0476190476193,4253.4,23.041999999999998,15.13,75.43,0.0,14.0,1934,0,0,72.31,312564.0,1749.0,-9.24,-22.61,51000,1000000,72000,710000,71.0,700000.0,750000.0,7.14,50000.0,51.5,1060000.0,980000.0,-80000.0,108.16,70.75,73000.0,46000.0,1.43,744333.0,24.24,2.9481327172551026,1.1294330246216397,3.329718451835444,8.956028281329509,-0.6170564270850609,48.0,46.0,44.0,26.0,4.166666666666674,13.636363636363647,11.75530164104011,1.2246467991473532e-16,-1.0,1
2022-07-01,27.0,26.5,52.0,2021,0,2022-07,2022,7,17.39891188485282,0.354672396812415,104.70499954223632,1729.8,98.00800018310547,2311.5,5500.35,24.35709677419355,16.1,70.53999999999999,0.0,14.0,1934,0,0,72.31,312564.0,1749.0,-9.24,-22.61,51000,1000000,72000,710000,71.0,700000.0,750000.0,7.14,50000.0,51.5,1060000.0,980000.0,-80000.0,108.16,70.75,73000.0,46000.0,1.43,744333.0,24.24,2.9886926460769234,1.1294330246216397,3.3755281749231116,2.588602744746482,-5.70972472777771,50.0,48.0,46.0,26.5,4.0000000000000036,13.043478260869556,9.453943839937457,-0.4999999999999997,-0.8660254037844388,1
2022-08-01,53.0,52.0,54.0,2022,1,2022-08,2022,8,18.007229597672172,0.3167886484014736,97.74086894159731,1762.4782608695652,121.15478217083475,2369.2608695652175,5500.35,26.989032258064515,20.4,67.97,0.0,14.0,1934,0,0,72.31,312564.0,1749.0,-9.24,-22.61,51000,1000000,72000,710000,71.0,750000.0,710000.0,-5.33,-40000.0,50.0,1000000.0,990000.0,-10000.0,101.01,71.0,72000.0,51000.0,7.14,723333.0,45.45,2.998795550814806,1.1294330246216397,3.3869387291786826,3.49629745150295,1.889135210403814,52.0,50.0,48.0,27.0,3.8461538461538547,12.5,9.817557064550437,-0.8660254037844385,-0.5000000000000004,0
2022-09-01,53.0,52.0,55.0,2022,1,2022-09,2022,9,18.298036315224387,0.12276189398765962,90.32476116362072,1678.6142868768602,107.97714233398438,2340.0,5500.35,24.245,11.83,144.69,0.0,14.0,1934,0,0,72.31,312564.0,1749.0,-9.24,-22.61,51000,1000000,72000,710000,71.0,750000.0,710000.0,-5.33,-40000.0,50.0,1000000.0,990000.0,-10000.0,101.01,71.0,72000.0,51000.0,7.14,723333.0,45.45,3.0057870173882395,1.1294330246216397,3.394835122417257,1.6149442421159899,-4.758298349241963,54.0,52.0,50.0,29.75,1.85185185185186,10.000000000000009,9.999363676856927,-1.0,-1.8369701987210297e-16,0
2022-10-01,53.0,52.0,56.0,2022,1,2022-10,2022,10,18.56952140444801,0.13213400734506922,93.59380958193825,1665.8380940755208,84.23619115920295,2337.714285714286,5500.35,18.84451612903226,8.13,167.1,0.0,14.0,1934,0,0,72.31,312564.0,1749.0,-9.24,-22.61,51000,1000000,72000,710000,71.0,750000.0,710000.0,-5.33,-40000.0,50.0,1000000.0,990000.0,-10000.0,101.01,71.0,72000.0,51000.0,7.14,723333.0,45.45,3.015694307909635,1.1294330246216397,3.4060247435166415,1.4836842847324672,-0.761115457030348,55.0,54.0,52.0,32.5,1.8181818181818077,7.692307692307687,10.181170289163417,-0.8660254037844386,0.5000000000000001,0
2022-11-01,53.0,52.0,57.0,2022,0,2022-11,2022,11,18.586549498818137,0.04731151106563738,91.11428578694661,1726.047630673363,83.02476247151692,2450.0,5500.35,16.927,6.2,59.01,0.0,9.0,1934,0,0,72.31,312564.0,1749.0,-9.24,-22.61,51000,1000000,72000,710000,71.0,750000.0,710000.0,-5.33,-40000.0,50.0,1000000.0,990000.0,-10000.0,101.01,71.0,72000.0,51000.0,7.14,723333.0,45.45,3.0667338229521546,1.1294330246216397,3.4636704573663364,0.09169915583309152,3.6143690561510677,56.0,55.0,54.0,35.25,1.7857142857142794,5.555555555555558,10.362976901469906,-0.5000000000000004,0.8660254037844384,0
2022-12-01,53.0,52.0,58.0,2022,0,2022-12,2022,12,18.641295086253773,0.038707680969099094,81.3414284842355,1797.1142868768602,71.11428633190337,2515.190476190476,5500.35,14.10741935483871,3.1,46.46,0.0,9.0,1934,0,0,72.31,312564.0,1749.0,-9.24,-22.61,51000,1000000,72000,710000,71.0,750000.0,710000.0,-5.33,-40000.0,50.0,1000000.0,990000.0,-10000.0,101.01,71.0,72000.0,51000.0,7.14,723333.0,45.45,3.1113718082157082,1.1294330246216397,3.514086072075568,0.2945441134144744,4.117305625904,57.0,56.0,55.0,38.0,1.7543859649122862,5.454545454545445,10.544783513776395,-2.4492935982947064e-16,1.0,0
2023-01-01,53.0,52.0,60.0,2022,0,2023-01,2023,1,18.765019850297406,0.05236283205943631,83.87900009155274,1899.8349914550781,44.07000026702881,2612.4,8506.8,12.261935483870968,-0.17,29.76,0.0,9.0,1378,1,0,53.86,283519.0,1865.0,-9.29,6.63,48000,940000,70000,647000,68.83,750000.0,710000.0,-5.33,-40000.0,50.0,1000000.0,990000.0,-10000.0,101.01,71.0,72000.0,51000.0,7.14,723333.0,45.45,3.197438663996354,1.0619093129446746,3.3953898948671064,0.6637133496956826,5.71586934277466,58.0,57.0,56.0,40.0,3.4482758620689724,7.14285714285714,7.053180984624066,0.49999999999999994,0.8660254037844387,0
2023-02-01,53.0,52.0,62.4,2022,0,2023-02,2023,2,18.843262958526612,0.0402904429453114,83.50947329872533,1853.2368485300165,33.44421045403732,2649.8947368421054,8506.8,10.108571428571429,-3.07,109.48,0.0,9.0,1378,1,0,53.86,283519.0,1865.0,-9.29,6.63,48000,940000,70000,647000,68.83,750000.0,710000.0,-5.33,-40000.0,50.0,1000000.0,990000.0,-10000.0,101.01,71.0,72000.0,51000.0,7.14,723333.0,45.45,3.3115283768708372,1.0619093129446746,3.5165428234797043,0.41696256573886537,-2.4527468508921513,60.0,58.0,57.0,42.0,4.0000000000000036,9.473684210526322,7.335308224009029,0.8660254037844386,0.5000000000000001,0
2023-03-01,53.0,52.0,64.8,2022,0,2023-03,2023,3,18.99488523732061,0.05431604699498029,79.2069562829059,1912.9608685037365,31.928695678710938,2775.478260869565,8506.8,13.279032258064515,-0.1,133.36,0.0,9.0,1378,1,1,53.86,283519.0,1865.0,-9.29,6.63,48000,940000,70000,647000,68.83,750000.0,710000.0,-5.33,-40000.0,50.0,1000000.0,990000.0,-10000.0,101.01,71.0,72000.0,51000.0,7.14,723333.0,45.45,3.411444669993731,1.0619093129446746,3.6226448656618153,0.8046498057566298,3.2226868368764094,62.4,60.0,58.0,44.0,3.8461538461538547,11.724137931034484,7.617435463393991,1.0,6.123233995736766e-17,0
2023-04-01,53.0,52.0,67.2,2022,0,2023-04,2023,4,19.330582237243654,0.13377730327787526,83.36894788240132,2001.04736328125,27.47578952186986,3036.684210526316,8506.8,16.766333333333332,-1.17,123.96000000000001,1.0,9.0,1378,1,1,53.86,283519.0,1865.0,-9.29,6.63,48000,940000,70000,647000,68.83,750000.0,710000.0,-5.33,-40000.0,50.0,1000000.0,990000.0,-10000.0,101.01,71.0,72000.0,51000.0,7.14,723333.0,45.45,3.476356747833895,1.0619093129446746,3.691575605642875,1.7673020696301833,4.604720160659226,64.8,62.4,60.0,46.0,3.70370370370372,12.00000000000001,7.899562702778954,0.8660254037844387,-0.4999999999999998,0
2023-05-01,53.0,52.0,69.6,2022,0,2023-05,2023,5,19.726417458575703,0.1452232196607839,75.63227358731356,1993.4227294921875,26.71636373346502,3086.1363636363635,8506.8,17.634838709677418,6.77,64.67999999999999,0.0,9.0,1378,1,0,53.86,283519.0,1865.0,-9.29,6.63,48000,940000,70000,647000,68.83,750000.0,710000.0,-5.33,-40000.0,50.0,1000000.0,990000.0,-10000.0,101.01,71.0,72000.0,51000.0,7.14,723333.0,45.45,3.5282635656553367,1.0619093129446746,3.7466959388927865,2.0477149445059517,-0.38103214991173084,67.2,64.8,62.4,48.0,3.5714285714285587,11.538461538461542,8.181689942163917,0.49999999999999994,-0.8660254037844387,0
2023-06-01,53.0,52.0,72.0,2022,0,2023-06,2023,6,23.61104462363503,1.3731027415321824,74.92571367536273,1941.652378627232,27.091428393409366,3157.3809523809523,8506.8,22.400333333333332,14.1,158.03,0.0,15.0,1378,1,0,53.86,283519.0,1865.0,-9.29,6.63,48000,940000,70000,647000,68.83,750000.0,710000.0,-5.33,-40000.0,50.0,1000000.0,990000.0,-10000.0,101.01,71.0,72000.0,51000.0,7.14,723333.0,45.45,3.0494203516911256,1.0619093129446746,3.2382078705438313,19.692512202060076,-2.597058320797996,69.6,67.2,64.8,50.0,3.4482758620689724,11.111111111111116,8.46381718154888,1.2246467991473532e-16,-1.0,0
2023-07-01,53.0,52.0,78.0,2022,0,2023-07,2023,7,26.419480550856818,1.5440170162843108,80.35549964904786,1950.7649963378906,28.33400011062622,3386.25,11402.32,25.649032258064516,15.03,105.99,0.0,15.0,1378,1,0,53.86,283519.0,1865.0,-9.29,6.63,48000,940000,70000,647000,68.83,750000.0,710000.0,-5.33,-40000.0,50.0,1000000.0,990000.0,-10000.0,101.01,71.0,72000.0,51000.0,7.14,723333.0,45.45,2.952366904029472,1.0619093129446746,3.135145910618533,11.894585656792579,0.46932282065346165,72.0,69.6,67.2,52.0,8.333333333333325,16.07142857142856,6.84071311803212,-0.4999999999999997,-0.8660254037844388,0
2023-08-01,84.0,82.5,84.0,2023,1,2023-08,2023,8,26.900117293648098,0.41636395283448807,85.10434756071672,1917.5565185546875,28.34086957185165,3418.695652173913,11402.32,27.986129032258063,18.5,56.510000000000005,0.0,15.0,1378,1,0,53.86,283519.0,1865.0,-9.29,6.63,48000,940000,70000,647000,68.83,680000.0,647000.0,-4.85,-33000.0,49.5,940000.0,1000000.0,60000.0,94.0,68.83,70000.0,48000.0,-5.33,702333.0,66.67,3.1226629639951367,1.0619093129446746,3.315984882653857,1.8192512977916575,-1.702331026317594,78.0,72.0,69.6,54.0,7.692307692307687,20.68965517241381,7.366921819419206,-0.8660254037844385,-0.5000000000000004,0
2023-09-01,84.0,82.5,87.0,2023,1,2023-09,2023,9,26.96247772943406,0.30095456004251425,92.76649932861328,1912.4099975585937,27.163999938964842,3601.7,11402.32,24.587333333333333,13.9,40.82,0.0,15.0,1378,1,0,53.86,283519.0,1865.0,-9.29,6.63,48000,940000,70000,647000,68.83,680000.0,647000.0,-4.85,-33000.0,49.5,940000.0,1000000.0,60000.0,94.0,68.83,70000.0,48000.0,-5.33,702333.0,66.67,3.226706420420143,1.0619093129446746,3.426469597982525,0.2318221705326362,-0.26838953357020134,84.0,78.0,72.0,55.0,3.571428571428581,20.833333333333325,7.630026170112749,-1.0,-1.8369701987210297e-16,0
2023-10-01,84.0,82.5,90.0,2023,1,2023-10,2023,10,27.86090304634788,0.3774223612356455,88.70409115878019,1915.5681762695312,29.04181818528609,3603.590909090909,11402.32,21.48483870967742,9.73,137.35999999999999,0.0,15.0,1378,1,0,53.86,283519.0,1865.0,-9.29,6.63,48000,940000,70000,647000,68.83,680000.0,647000.0,-4.85,-33000.0,49.5,940000.0,1000000.0,60000.0,94.0,68.83,70000.0,48000.0,-5.33,702333.0,66.67,3.230333196676393,1.0619093129446746,3.4303209054650026,3.3321318831653235,0.16514129893534513,87.0,84.0,78.0,56.0,3.4482758620689724,15.384615384615374,7.8931305208062925,-0.8660254037844386,0.5000000000000001,0
2023-11-01,84.0,82.5,96.25,2023,0,2023-11,2023,11,28.636346730318937,0.32342107111502055,82.02772730047053,1985.6454523259943,25.241818167946555,4072.818181818182,11402.32,20.074,2.73,129.85,0.0,15.0,1378,1,0,53.86,283519.0,1865.0,-9.29,6.63,48000,940000,70000,647000,68.83,680000.0,647000.0,-4.85,-33000.0,49.5,940000.0,1000000.0,60000.0,94.0,68.83,70000.0,48000.0,-5.33,702333.0,66.67,3.3611130954108273,1.0619093129446746,3.5691972978770603,2.7832683049830553,3.6583023733947506,90.0,87.0,84.0,57.0,6.944444444444442,14.583333333333325,8.441264584751174,-0.5000000000000004,0.8660254037844384,0
2023-12-01,84.0,82.5,102.5,2023,0,2023-12,2023,12,29.039457684471493,0.19908769052952324,77.32399978637696,2031.6749938964845,19.88199987411499,4297.6,11402.32,15.459677419354838,2.2,68.64999999999999,0.0,42.5,1378,1,0,53.86,283519.0,1865.0,-9.29,6.63,48000,940000,70000,647000,68.83,680000.0,647000.0,-4.85,-33000.0,49.5,940000.0,1000000.0,60000.0,94.0,68.83,70000.0,48000.0,-5.33,702333.0,66.67,3.5296802410607917,1.0619093129446746,3.748200319699259,1.407689877304641,2.3181148233976545,96.25,90.0,87.0,58.0,6.493506493506485,17.816091954022983,8.989398648696055,-2.4492935982947064e-16,1.0,0
2024-01-01,84.0,82.5,110.0,2023,0,2024-01,2024,1,30.010223471600078,0.39002652916875996,79.19714319138299,2028.0428466796875,22.1266667502267,4456.857142857143,17002.12,11.354193548387098,-1.73,112.09,0.0,42.5,1800,1,0,58.51,295000.0,1950.0,4.05,4.56,45000,1000000,68000,700000,70.0,680000.0,647000.0,-4.85,-33000.0,49.5,940000.0,1000000.0,60000.0,94.0,68.83,70000.0,48000.0,-5.33,702333.0,66.67,3.665417556923479,1.0,3.665417556923479,3.342919821976187,-0.1787759965402258,102.5,96.25,90.0,60.0,7.317073170731714,22.222222222222232,6.469781415494068,0.49999999999999994,0.8660254037844387,0
2024-02-01,84.0,82.5,113.33,2023,0,2024-02,2024,2,30.777131035214378,0.3222766943222289,81.62399940490722,2025.214990234375,16.659500217437746,5920.55,17002.12,13.531379310344828,1.43,36.75,0.0,42.5,1800,1,0,58.51,295000.0,1950.0,4.05,4.56,45000,1000000,68000,700000,70.0,680000.0,647000.0,-4.85,-33000.0,49.5,940000.0,1000000.0,60000.0,94.0,68.83,70000.0,48000.0,-5.33,702333.0,66.67,3.6822795428960164,1.0,3.6822795428960164,2.5554876801902493,-0.13943770714421877,110.0,102.5,96.25,62.4,3.027272727272723,17.745454545454553,6.665639343799479,0.8660254037844386,0.5000000000000001,0
2024-03-01,84.0,82.5,116.67,2023,0,2024-03,2024,3,32.04178891863142,0.5131883727108566,84.66549949645996,2161.8699951171875,15.649499988555908,8090.45,17002.12,13.536774193548387,1.33,88.27,0.0,50.0,1800,1,1,58.51,295000.0,1950.0,4.05,4.56,45000,1000000,68000,700000,70.0,680000.0,647000.0,-4.85,-33000.0,49.5,940000.0,1000000.0,60000.0,94.0,68.83,70000.0,48000.0,-5.33,702333.0,66.67,3.641182466318527,1.0,3.641182466318527,4.10908307850415,6.747678915165345,113.33,110.0,102.5,64.8,2.947145504279547,13.824390243902451,6.862085434051754,1.0,6.123233995736766e-17,0
2024-04-01,84.0,82.5,120.0,2023,0,2024-04,2024,4,32.352371562610976,0.2874642842506478,88.99999930641867,2332.590897993608,14.878636360168457,10459.954545454546,17002.12,19.852666666666668,6.77,16.919999999999998,0.0,50.0,1800,1,1,58.51,295000.0,1950.0,4.05,4.56,45000,1000000,68000,700000,70.0,680000.0,647000.0,-4.85,-33000.0,49.5,940000.0,1000000.0,60000.0,94.0,68.83,70000.0,48000.0,-5.33,702333.0,66.67,3.709156213409768,1.0,3.709156213409768,0.9693049435169465,7.896908845675821,116.67,113.33,110.0,67.2,2.8542041655952755,9.090909090909083,7.0579433623571655,0.8660254037844387,-0.4999999999999998,0
2024-05-01,84.0,82.5,122.67,2023,0,2024-05,2024,5,32.25092547872792,0.16424384758497743,82.99181851473722,2349.6318026455965,17.607727267525412,8610.772727272728,17002.12,17.95483870967742,7.5,96.65,0.0,50.0,1800,1,0,58.51,295000.0,1950.0,4.05,4.56,45000,1000000,68000,700000,70.0,680000.0,647000.0,-4.85,-33000.0,49.5,940000.0,1000000.0,60000.0,94.0,68.83,70000.0,48000.0,-5.33,702333.0,66.67,3.803611777929,1.0,3.803611777929,-0.31356614363410307,0.7305569384947086,120.0,116.67,113.33,69.6,2.2250000000000103,8.241418865260751,7.214982602169612,0.49999999999999994,-0.8660254037844387,0
2024-06-01,84.0,82.5,125.33,2023,0,2024-06,2024,6,32.568640327453615,0.15718440473277448,82.88947416606702,2326.0789345189146,19.33578963028757,9307.526315789473,17002.12,26.147666666666666,15.3,39.27,0.0,50.0,1800,1,0,58.51,295000.0,1950.0,4.05,4.56,45000,1000000,68000,700000,70.0,680000.0,647000.0,-4.85,-33000.0,49.5,940000.0,1000000.0,60000.0,94.0,68.83,70000.0,48000.0,-5.33,702333.0,66.67,3.8481802967486347,1.0,3.8481802967486347,0.9851340512235796,-1.002406764334829,122.67,120.0,116.67,72.0,2.168419336431082,7.422645067283784,7.371433680035196,1.2246467991473532e-16,-1.0,0
2024-07-01,84.0,82.5,128.0,2023,0,2024-07,2024,7,32.89065701028575,0.22790915841676834,83.71772731434216,2393.3363702947445,14.844090895219283,8024.318181818182,17002.12,27.284193548387094,18.23,168.19,0.0,50.0,1800,1,0,58.51,295000.0,1950.0,4.05,4.56,45000,1000000,68000,700000,70.0,680000.0,647000.0,-4.85,-33000.0,49.5,940000.0,1000000.0,60000.0,94.0,68.83,70000.0,48000.0,-5.33,702333.0,66.67,3.8916826732883787,1.0,3.8916826732883787,0.9887323498755096,2.8914511359753314,125.33,122.67,120.0,78.0,2.1303758078672352,6.666666666666665,7.528472919847643,-0.4999999999999997,-0.8660254037844388,0
2024-08-01,132.0,130.0,132.0,2024,1,2024-08,2024,8,33.675689003684305,0.2895986359834442,78.87500138716264,2467.249988902699,13.848636280406605,8955.818181818182,17002.12,27.46516129032258,18.0,58.41,0.0,50.0,1800,1,0,58.51,295000.0,1950.0,4.05,4.56,45000,1000000,68000,700000,70.0,700000.0,700000.0,0.0,0.0,50.5,1000000.0,1010000.0,10000.0,99.01,70.0,68000.0,45000.0,-4.85,685667.0,51.52,3.919741626832297,1.0,3.919741626832297,2.3867932864735764,3.0883088363735434,128.0,125.33,122.67,84.0,3.125,7.605771582293963,7.763737698592882,-0.8660254037844385,-0.5000000000000004,0
2024-09-01,132.0,130.0,136.0,2024,1,2024-09,2024,9,34.051018669491725,0.2490548132814958,72.6384994506836,2572.869982910156,14.839000034332276,8697.0,17002.12,25.291666666666668,14.87,127.7,0.0,50.0,1800,1,0,58.51,295000.0,1950.0,4.05,4.56,45000,1000000,68000,700000,70.0,700000.0,700000.0,0.0,0.0,50.5,1000000.0,1010000.0,10000.0,99.01,70.0,68000.0,45000.0,-4.85,685667.0,51.52,3.994006796685065,1.0,3.994006796685065,1.114541905189692,4.280879298105944,132.0,128.0,125.33,87.0,3.0303030303030276,8.513524295858943,7.999002477338121,-1.0,-1.8369701987210297e-16,0
2024-10-01,132.0,130.0,140.0,2024,1,2024-10,2024,10,34.24485098797342,0.09081597542787458,75.37695710555367,2688.904349949049,14.37521735481594,7273.565217391304,17002.12,19.323548387096775,7.2,146.03,0.0,50.0,1800,1,0,58.51,295000.0,1950.0,4.05,4.56,45000,1000000,68000,700000,70.0,700000.0,700000.0,0.0,0.0,50.5,1000000.0,1010000.0,10000.0,99.01,70.0,68000.0,45000.0,-4.85,685667.0,51.52,4.0882058458705846,1.0,4.0882058458705846,0.5692408804655269,4.509919576567456,136.0,132.0,128.0,90.0,2.941176470588225,9.375,8.23426725608336,-0.8660254037844386,0.5000000000000001,0
2024-11-01,132.0,130.0,137.5,2024,0,2024-11,2024,11,34.42302504039946,0.07339225988196578,73.40699996948243,2649.8150146484377,13.70799994468689,8128.3,17002.12,14.565,1.27,136.78,0.0,50.0,1800,1,0,58.51,295000.0,1950.0,4.05,4.56,45000,1000000,68000,700000,70.0,700000.0,700000.0,0.0,0.0,50.5,1000000.0,1010000.0,10000.0,99.01,70.0,68000.0,45000.0,-4.85,685667.0,51.52,3.994419428235247,1.0,3.994419428235247,0.5202944305075619,-1.4537272514491661,140.0,136.0,132.0,96.25,-1.7857142857142905,4.166666666666674,8.087226769367586,-0.5000000000000004,0.8660254037844384,0
2024-12-01,132.0,130.0,135.0,2024,0,2024-12,2024,12,34.959894527088515,0.21144188469721836,73.12857164655414,2643.5809500558034,14.781428564162482,10832.809523809523,17002.12,13.453225806451613,-2.77,98.51,0.0,50.0,1800,1,0,58.51,295000.0,1950.0,4.05,4.56,45000,1000000,68000,700000,70.0,700000.0,700000.0,0.0,0.0,50.5,1000000.0,1010000.0,10000.0,99.01,70.0,68000.0,45000.0,-4.85,685667.0,51.52,3.8615677142674403,1.0,3.8615677142674403,1.5596232058599613,-0.23526414327685874,137.5,140.0,136.0,102.5,-1.8181818181818188,-0.7352941176470562,7.940186282651811,-2.4492935982947064e-16,1.0,0
2025-01-01,132.0,130.0,127.0,2024,0,2025-01,2025,1,35.52690974148837,0.23743549255913063,78.26333436511811,2722.9476260230654,17.507143020629883,11159.57142857143,22002.0,12.403548387096773,0.17,68.13,0.0,50.0,1450,0,0,38.0,270000.0,2100.0,-8.47,7.69,50000,960000,65000,620000,64.58,700000.0,700000.0,0.0,0.0,50.5,1000000.0,1010000.0,10000.0,99.01,70.0,68000.0,45000.0,-4.85,685667.0,51.52,3.5747550497387968,0.9727626459143969,3.4773881806797635,1.6219019595739903,3.0022411821959416,135.0,137.5,140.0,110.0,-5.925925925925924,-9.285714285714286,5.772202527042996,0.49999999999999994,0.8660254037844387,0
2025-02-01,132.0,130.0,140.0,2024,0,2025-02,2025,2,36.18211193084717,0.26500292218743554,74.94052605879934,2897.1157997532896,19.735789349204616,9827.947368421053,22002.0,6.51,-10.17,125.65,0.0,50.0,1450,0,1,38.0,270000.0,2100.0,-8.47,7.69,50000,960000,65000,620000,64.58,700000.0,700000.0,0.0,0.0,50.5,1000000.0,1010000.0,10000.0,99.01,70.0,68000.0,45000.0,-4.85,685667.0,51.52,3.869315319889953,0.9727626459143969,3.763925408453262,1.8442419960710943,6.396310089320423,127.0,135.0,137.5,113.33,10.236220472440948,1.8181818181818077,6.363057903826925,0.8660254037844386,0.5000000000000001,0
2025-03-01,132.0,130.0,195.0,2024,0,2025-03,2025,3,37.09142412458147,0.3758927065260095,71.46714237758091,2986.4095284598216,21.813809712727863,8030.380952380952,22002.0,15.948387096774193,-2.97,83.42,0.0,50.0,1450,0,1,38.0,270000.0,2100.0,-8.47,7.69,50000,960000,65000,620000,64.58,700000.0,700000.0,0.0,0.0,50.5,1000000.0,1010000.0,10000.0,99.01,70.0,68000.0,45000.0,-4.85,685667.0,51.52,5.257279940102605,0.9727626459143969,5.114085544846892,2.5131540012706344,3.0821594605964897,140.0,127.0,135.0,116.67,39.28571428571428,44.44444444444444,8.86283065175893,1.0,6.123233995736766e-17,0
2025-04-01,132.0,130.0,185.0,2024,0,2025-04,2025,4,38.13704624176025,0.6456918043261746,66.45666703723725,3211.152367001488,17.872857230050222,8679.47619047619,22002.0,14.113666666666665,-0.63,143.78,1.0,50.0,1450,0,0,38.0,270000.0,2100.0,-8.47,7.69,50000,960000,65000,620000,64.58,700000.0,700000.0,0.0,0.0,50.5,1000000.0,1010000.0,10000.0,99.01,70.0,68000.0,45000.0,-4.85,685667.0,51.52,4.850926283782934,0.9727626459143969,4.718799886948379,2.819040093113645,7.525519738666686,195.0,140.0,127.0,120.0,-5.128205128205132,45.66929133858268,8.408326515771293,0.8660254037844387,-0.4999999999999998,0
2025-05-01,132.0,130.0,182.0,2024,0,2025-05,2025,5,38.813367496837266,0.2794953699919567,63.97047624133882,3280.7380952380954,17.21999981289818,9798.285714285714,22002.0,19.932580645161288,6.83,84.59,0.0,50.0,1450,0,0,38.0,270000.0,2100.0,-8.47,7.69,50000,960000,65000,620000,64.58,700000.0,700000.0,0.0,0.0,50.5,1000000.0,1010000.0,10000.0,99.01,70.0,68000.0,45000.0,-4.85,685667.0,51.52,4.689106144032218,0.9727626459143969,4.561387299642235,1.7733970554238532,2.1670017577392287,185.0,195.0,140.0,122.67,-1.6216216216216162,30.000000000000004,8.271975274975002,0.49999999999999994,-0.8660254037844387,0
2025-06-01,132.0,130.0,175.0,2024,0,2025-06,2025,6,39.44517426263718,0.2605059226916414,69.35,3350.939990234375,16.617000007629393,9612.7,22002.0,23.203666666666667,12.33,77.01,0.0,50.0,1450,0,0,38.0,270000.0,2100.0,-8.47,7.69,50000,960000,65000,620000,64.58,700000.0,700000.0,0.0,0.0,50.5,1000000.0,1010000.0,10000.0,99.01,70.0,68000.0,45000.0,-4.85,685667.0,51.52,4.436537631569334,0.9727626459143969,4.315698085184177,1.62780713590851,2.1398201550491214,182.0,185.0,195.0,125.33,-3.8461538461538436,-10.256410256410254,7.953822379783656,1.2246467991473532e-16,-1.0,0
2025-07-01,132.0,130.0,190.0,2024,0,2025-07,2025,7,40.23101458342179,0.3215687739720398,69.55304353133492,3341.808699898098,14.69956522402556,8491.869565217392,22002.0,27.353870967741937,14.73,58.89,0.0,50.0,1450,0,0,38.0,270000.0,2100.0,-8.47,7.69,50000,960000,65000,620000,64.58,700000.0,700000.0,0.0,0.0,50.5,1000000.0,1010000.0,10000.0,99.01,70.0,68000.0,45000.0,-4.85,685667.0,51.52,4.722724543921752,0.9727626459143969,4.594090023270186,1.9922343746088256,-0.2724993692184263,175.0,182.0,185.0,128.0,8.571428571428562,2.7027027027026973,8.635578583765112,-0.4999999999999997,-0.8660254037844388,0
2025-08-01,200.0,195.0,200.0,2025,1,2025-08,2025,8,40.83829589117141,0.26208971321086566,67.2614284697033,3372.7428385416665,12.66476177033924,8108.476190476191,22002.0,27.504516129032258,18.2,91.07,0.0,50.0,1450,0,0,38.0,270000.0,2100.0,-8.47,7.69,50000,960000,65000,620000,64.58,680000.0,620000.0,-8.82,-60000.0,47.0,960000.0,1020000.0,60000.0,94.12,64.58,65000.0,50000.0,0.0,655667.0,66.67,4.897363997091681,0.9727626459143969,4.76397275981681,1.5094854406179081,0.925670540163237,190.0,175.0,182.0,132.0,5.263157894736836,9.8901098901099,9.09008271975275,-0.8660254037844385,-0.5000000000000004,-1
2025-09-01,200.0,195.0,300.0,2025,1,2025-09,2025,9,41.32870188626376,0.20751887739065802,67.54857054210845,3682.2999906994046,12.780952362787156,7207.380952380952,22002.0,22.890333333333334,11.17,153.26,0.0,50.0,1450,0,0,38.0,270000.0,2100.0,-8.47,7.69,50000,960000,65000,620000,64.58,680000.0,620000.0,-8.82,-60000.0,47.0,960000.0,1020000.0,60000.0,94.12,64.58,65000.0,50000.0,0.0,655667.0,66.67,7.258877881661938,0.9727626459143969,7.061165254534959,1.200848332161586,9.178202044351135,200.0,190.0,175.0,136.0,50.0,71.42857142857142,13.635124079629124,-1.0,-1.8369701987210297e-16,-1
2025-10-01,200.0,195.0,295.0,2025,1,2025-10,2025,10,41.8405585910963,0.20632816696846037,63.95391298376995,4044.3739066745925,12.755652220352836,6096.739130434783,22002.0,20.34741935483871,7.93,106.57,0.0,50.0,1450,0,0,38.0,270000.0,2100.0,-8.47,7.69,50000,960000,65000,620000,64.58,680000.0,620000.0,-8.82,-60000.0,47.0,960000.0,1020000.0,60000.0,94.12,64.58,65000.0,50000.0,0.0,655667.0,66.67,7.050575086317711,0.9727626459143969,6.858536076184543,1.2385017710964341,9.832819620609357,300.0,200.0,190.0,140.0,-1.6666666666666718,55.263157894736835,13.407872011635305,-0.8660254037844386,0.5000000000000001,-1
2025-11-01,200.0,195.0,285.0,2025,0,2025-11,2025,11,42.283002090454104,0.1799497344100536,63.67947367617958,4082.1157612047696,14.286842145417866,5591.0526315789475,22002.0,19.506333333333334,7.53,90.22999999999999,0.0,50.0,1450,0,0,38.0,270000.0,2100.0,-8.47,7.69,50000,960000,65000,620000,64.58,680000.0,620000.0,-8.82,-60000.0,47.0,960000.0,1020000.0,60000.0,94.12,64.58,65000.0,50000.0,0.0,655667.0,66.67,6.740297185859993,0.9727626459143969,6.55670932476653,1.0574512249747148,0.9331939974167591,295.0,300.0,200.0,137.5,-3.3898305084745783,42.50000000000001,12.953367875647668,-0.5000000000000004,0.8660254037844384,-1
2025-12-01,200.0,195.0,278.0,2025,0,2025-12,2025,12,42.67566958340731,0.17457364948666856,61.62863592668013,4311.059104225852,13.4868182702498,5872.954545454545,22002.0,12.465483870967741,-0.6,146.63,0.0,50.0,1450,0,0,38.0,270000.0,2100.0,-8.47,7.69,50000,960000,65000,620000,64.58,680000.0,620000.0,-8.82,-60000.0,47.0,960000.0,1020000.0,60000.0,94.12,64.58,65000.0,50000.0,0.0,655667.0,66.67,6.514250454973269,0.9727626459143969,6.336819508728861,0.9286651220109521,5.608448079716233,285.0,295.0,300.0,135.0,-2.4561403508771895,-7.333333333333336,12.635214980456322,-2.4492935982947064e-16,1.0,-1
2026-01-01,200.0,195.0,280.0,2025,0,2026-01,2026,1,43.219359806605745,0.21960285349221007,64.76549911499023,4730.8599609375,12.56100001335144,5003.85,28000.0,11.685161290322581,-6.53,146.92000000000002,0.0,45.0,1400,0,0,25.0,270000.0,2100.0,-8.47,7.69,50000,980000,70000,650000,66.33,680000.0,620000.0,-8.82,-60000.0,47.0,960000.0,1020000.0,60000.0,94.12,64.58,65000.0,50000.0,0.0,655667.0,66.67,6.478578147684736,0.9460737937559129,6.129213006324253,1.2740051380701,9.737766209239496,278.0,285.0,295.0,127.0,0.7194244604316502,-5.0847457627118615,10.0,0.49999999999999994,0.8660254037844387,-1
2026-02-01,200.0,195.0,250.0,2025,0,2026-02,2026,2,43.68507308959961,0.2039333895393664,69.40684268349095,5011.036826685855,12.247368461207339,3540.6315789473683,28000.0,13.4,1.2,165.02,0.0,45.0,1400,0,1,25.0,270000.0,2100.0,-8.47,7.69,50000,980000,70000,650000,66.33,680000.0,620000.0,-8.82,-60000.0,47.0,960000.0,1020000.0,60000.0,94.12,64.58,65000.0,50000.0,0.0,655667.0,66.67,5.722778567572527,0.9460737937559129,5.414170830248369,1.0775571065323453,5.922324229881326,280.0,278.0,285.0,140.0,-10.71428571428571,-12.28070175438597,8.928571428571429,0.8660254037844386,0.5000000000000001,-1
2026-03-01,200.0,195.0,190.0,2025,0,2026-03,2026,3,43.99501473563058,0.20697207805879475,90.87454639781605,5128.136363636364,12.421818299727006,3159.5454545454545,28000.0,9.858125,-0.7,37.33,0.0,45.0,1400,0,1,25.0,270000.0,2100.0,-8.47,7.69,50000,980000,70000,650000,66.33,680000.0,620000.0,-8.82,-60000.0,47.0,960000.0,1020000.0,60000.0,94.12,64.58,65000.0,50000.0,0.0,655667.0,66.67,4.318671129938803,0.9460737937559129,4.085781579885339,0.7094909636416791,2.3368324959598175,250.0,280.0,278.0,195.0,-24.0,-31.654676258992808,6.785714285714286,1.0,6.123233995736766e-17,-1
2026-04-01,200.0,195.0,210.0,2025,0,2026-04,2026,4,43.99501473563058,0.20697207805879475,90.87454639781605,5128.136363636364,12.421818299727006,3159.5454545454545,28000.0,9.858125,-0.7,37.33,0.0,45.0,1400,0,0,25.0,270000.0,2100.0,-8.47,7.69,50000,980000,70000,650000,66.33,680000.0,620000.0,-8.82,-60000.0,47.0,960000.0,1020000.0,60000.0,94.12,64.58,65000.0,50000.0,0.0,655667.0,66.67,4.318671129938803,0.9460737937559129,4.085781579885339,0.0,0.0,190.0,250.0,280.0,185.0,10.526315789473696,-25.0,6.785714285714286,0.8660254037844387,-0.4999999999999998,-1
