Tarih,Max_Sicaklik_C,Min_Sicaklik_C,Yagis_Miktari_mm
2021-03-11,8.6,4.2,8.1
2021-03-12,4.8,-0.7,2.0
2021-03-13,14.1,-2.3,0.0
2021-03-14,14.6,4.2,0.0
2021-03-15,20.6,5.5,0.2
2021-03-16,19.8,4.6,3.7
2021-03-17,15.3,4.3,0.8
2021-03-18,15.8,3.8,1.3
2021-03-19,12.6,6.1,1.6
2021-03-20,10.1,4.4,0.3
2021-03-21,7.6,5.2,10.3
2021-03-22,14.4,5.7,2.1
2021-03-23,14.9,2.6,32.2
2021-03-24,6.6,2.4,15.2
2021-03-25,7.7,2.5,1.5
2021-03-26,10.1,0.6,0.8
2021-03-27,9.3,3.0,4.0
2021-03-28,14.1,2.3,0.0
2021-03-29,15.9,1.3,0.1
2021-03-30,9.1,5.6,0.2
2021-03-31,9.6,6.1,1.0
2021-04-01,9.4,5.6,1.9
2021-04-02,11.7,6.7,0.5
2021-04-03,18.8,3.3,1.4
2021-04-04,24.0,6.2,0.8
2021-04-05,18.2,6.5,12.5
2021-04-06,16.6,6.4,5.8
2021-04-07,23.9,9.0,0.2
2021-04-08,17.9,8.1,2.7
2021-04-09,7.8,5.7,9.4
2021-04-10,7.4,5.2,14.9
2021-04-11,9.6,7.1,11.0
2021-04-12,13.6,4.0,0.0
2021-04-13,14.5,4.4,0.1
2021-04-14,21.2,4.4,0.0
2021-04-15,16.5,7.8,0.0
2021-04-16,14.6,6.3,0.0
2021-04-17,12.8,8.1,5.0
2021-04-18,22.6,7.1,0.0
2021-04-19,20.6,11.5,1.3
2021-04-20,19.0,10.5,2.3
2021-04-21,16.1,8.1,0.0
2021-04-22,15.6,7.3,0.0
2021-04-23,19.5,5.2,0.0
2021-04-24,16.7,8.9,0.0
2021-04-25,13.2,9.0,0.9
2021-04-26,11.6,6.9,9.3
2021-04-27,16.5,5.0,0.0
2021-04-28,18.0,7.6,0.0
2021-04-29,22.0,9.0,0.8
2021-04-30,19.6,10.2,0.0
2021-05-01,24.0,9.6,0.0
2021-05-02,26.9,9.9,0.0
2021-05-03,26.4,14.2,0.0
2021-05-04,17.1,11.2,5.0
2021-05-05,17.9,8.1,0.0
2021-05-06,21.0,8.0,2.5
2021-05-07,23.1,10.6,0.0
2021-05-08,29.1,12.1,4.2
2021-05-09,15.1,8.9,23.3
2021-05-10,14.6,7.4,0.7
2021-05-11,17.2,5.4,0.0
2021-05-12,20.5,5.4,0.0
2021-05-13,23.0,8.7,0.0
2021-05-14,24.1,9.8,0.0
2021-05-15,23.9,12.8,0.0
2021-05-16,22.0,12.2,0.0
2021-05-17,19.3,13.1,1.1
2021-05-18,28.2,11.5,0.2
2021-05-19,24.6,14.6,2.2
2021-05-20,28.5,12.2,0.0
2021-05-21,21.8,14.6,0.0
2021-05-22,19.5,14.8,3.6
2021-05-23,15.4,14.1,74.4
2021-05-24,22.0,14.3,0.3
2021-05-25,20.1,12.7,0.0
2021-05-26,19.4,11.1,0.0
2021-05-27,20.6,10.7,0.0
2021-05-28,21.4,12.2,0.1
2021-05-29,18.7,13.3,2.1
2021-05-30,23.1,13.1,0.1
2021-05-31,23.1,13.1,1.4
2021-06-01,20.1,15.6,8.2
2021-06-02,21.0,13.4,13.8
2021-06-03,20.3,13.0,0.7
2021-06-04,22.1,14.1,0.6
2021-06-05,21.0,14.4,1.5
2021-06-06,21.0,13.9,0.0
2021-06-07,23.4,11.8,0.0
2021-06-08,24.2,15.1,0.1
2021-06-09,22.3,15.3,2.8
2021-06-10,23.6,12.4,0.0
2021-06-11,24.2,14.3,0.0
2021-06-12,23.8,14.4,0.0
2021-06-13,25.3,14.8,0.0
2021-06-14,24.2,15.6,0.3
2021-06-15,25.8,15.4,0.6
2021-06-16,22.5,18.0,6.4
2021-06-17,24.6,14.9,1.7
2021-06-18,25.7,14.9,0.0
2021-06-19,26.1,17.4,0.0
2021-06-20,26.5,14.4,0.0
2021-06-21,24.8,17.0,0.3
2021-06-22,24.4,18.4,0.3
2021-06-23,25.9,18.4,0.0
2021-06-24,26.0,17.4,0.0
2021-06-25,26.5,19.2,0.0
2021-06-26,26.5,17.3,0.5
2021-06-27,28.6,19.5,0.5
2021-06-28,27.4,20.5,1.2
2021-06-29,26.9,18.9,0.2
2021-06-30,28.1,20.0,1.2
2021-07-01,30.3,19.2,0.0
2021-07-02,34.5,18.8,0.0
2021-07-03,28.5,21.4,1.4
2021-07-04,26.2,20.4,5.7
2021-07-05,30.3,18.5,0.0
2021-07-06,28.8,18.8,0.6
2021-07-07,28.8,21.1,1.1
2021-07-08,28.3,19.2,0.0
2021-07-09,28.1,21.4,0.8
2021-07-10,28.5,21.4,0.6
2021-07-11,28.4,21.8,2.3
2021-07-12,29.6,19.9,0.0
2021-07-13,29.0,20.4,0.5
2021-07-14,28.0,20.5,1.7
2021-07-15,29.6,22.4,0.9
2021-07-16,30.2,22.6,1.1
2021-07-17,31.6,20.6,0.0
2021-07-18,32.2,23.5,0.0
2021-07-19,34.0,22.5,0.0
2021-07-20,31.8,24.5,0.0
2021-07-21,30.5,24.3,2.3
2021-07-22,28.8,22.1,4.8
2021-07-23,27.4,20.8,1.2
2021-07-24,27.0,20.5,13.3
2021-07-25,27.8,20.3,0.3
2021-07-26,27.7,22.0,8.6
2021-07-27,28.6,21.2,10.6
2021-07-28,27.0,23.0,1.9
2021-07-29,27.1,21.8,1.2
2021-07-30,28.2,21.1,1.5
2021-07-31,29.2,18.6,0.0
2021-08-01,28.9,20.0,0.3
2021-08-02,29.0,21.3,0.8
2021-08-03,31.1,20.9,0.0
2021-08-04,30.9,21.0,0.0
2021-08-05,31.5,22.2,0.0
2021-08-06,34.7,20.9,0.0
2021-08-07,31.1,23.0,7.7
2021-08-08,27.6,21.5,25.5
2021-08-09,26.8,21.1,43.0
2021-08-10,25.0,20.4,21.5
2021-08-11,25.6,21.4,23.0
2021-08-12,28.0,21.5,25.9
2021-08-13,27.0,21.3,4.2
2021-08-14,24.5,19.8,2.1
2021-08-15,24.7,19.4,0.8
2021-08-16,26.2,18.5,0.0
2021-08-17,27.0,17.3,0.0
2021-08-18,27.4,19.2,0.0
2021-08-19,26.9,19.5,4.0
2021-08-20,25.5,21.1,1.8
2021-08-21,25.1,20.2,0.3
2021-08-22,25.0,18.2,1.6
2021-08-23,25.0,20.5,1.4
2021-08-24,26.8,20.7,1.9
2021-08-25,28.5,18.6,0.0
2021-08-26,29.2,19.0,0.1
2021-08-27,30.2,22.6,0.0
2021-08-28,28.9,21.6,0.0
2021-08-29,30.2,20.5,0.0
2021-08-30,28.4,22.9,0.0
2021-08-31,28.2,22.6,0.2
2021-09-01,26.0,20.9,4.5
2021-09-02,25.0,21.0,7.4
2021-09-03,21.6,16.3,1.3
2021-09-04,23.5,15.3,0.2
2021-09-05,22.9,14.4,0.1
2021-09-06,22.8,16.1,0.6
2021-09-07,22.0,15.1,0.0
2021-09-08,23.5,14.9,0.0
2021-09-09,23.9,16.1,0.4
2021-09-10,24.1,17.2,0.7
2021-09-11,24.2,18.1,0.3
2021-09-12,24.8,16.0,0.0
2021-09-13,25.0,17.1,0.2
2021-09-14,24.1,18.2,1.7
2021-09-15,21.8,19.3,5.2
2021-09-16,22.0,18.5,28.1
2021-09-17,22.5,14.5,0.0
2021-09-18,29.0,13.1,0.0
2021-09-19,24.3,15.6,0.0
2021-09-20,27.0,15.4,0.0
2021-09-21,26.6,17.5,4.6
2021-09-22,18.4,14.8,22.5
2021-09-23,15.9,13.6,19.1
2021-09-24,19.0,12.2,1.2
2021-09-25,20.5,10.8,0.0
2021-09-26,22.0,11.4,0.0
2021-09-27,21.2,11.6,0.0
2021-09-28,20.0,11.2,0.4
2021-09-29,19.5,14.6,0.0
2021-09-30,19.5,11.9,0.7
2021-10-01,18.1,12.5,1.9
2021-10-02,19.5,10.1,0.0
2021-10-03,18.6,11.4,2.7
2021-10-04,18.7,12.4,2.6
2021-10-05,16.8,12.9,1.3
2021-10-06,17.1,13.1,5.1
2021-10-07,19.0,11.1,0.2
2021-10-08,19.5,10.0,0.0
2021-10-09,21.5,10.4,0.0
2021-10-10,20.1,14.3,0.2
2021-10-11,21.1,14.5,0.0
2021-10-12,22.9,13.9,0.0
2021-10-13,26.8,14.9,0.7
2021-10-14,18.5,16.3,3.9
2021-10-15,21.4,14.9,0.2
2021-10-16,28.5,12.1,0.0
2021-10-17,20.8,14.6,8.0
2021-10-18,16.6,14.5,14.6
2021-10-19,15.6,13.6,3.1
2021-10-20,15.6,8.3,1.1
2021-10-21,18.5,6.7,0.0
2021-10-22,23.9,8.4,0.0
2021-10-23,21.3,7.1,0.0
2021-10-24,19.5,8.7,6.6
2021-10-25,13.6,8.8,10.5
2021-10-26,14.5,7.3,0.1
2021-10-27,17.0,5.4,0.0
2021-10-28,16.1,7.6,0.3
2021-10-29,16.0,11.3,0.9
2021-10-30,16.0,6.7,0.0
2021-10-31,19.0,7.8,0.2
2021-11-01,23.1,9.4,0.0
2021-11-02,17.5,12.8,0.3
2021-11-03,18.6,11.9,2.0
2021-11-04,23.0,10.4,0.0
2021-11-05,22.4,8.6,0.0
2021-11-06,21.7,6.7,0.0
2021-11-07,17.5,8.9,0.0
2021-11-08,23.5,9.9,0.0
2021-11-09,24.1,10.9,1.3
2021-11-10,15.3,7.6,27.5
2021-11-11,10.8,6.8,5.0
2021-11-12,13.6,4.6,0.0
2021-11-13,16.5,2.7,0.0
2021-11-14,16.4,4.7,0.0
2021-11-15,14.9,7.4,0.2
2021-11-16,11.7,8.8,1.1
2021-11-17,15.1,4.3,0.0
2021-11-18,15.6,5.3,0.0
2021-11-19,13.7,8.2,1.8
2021-11-20,12.6,6.1,2.6
2021-11-21,15.1,5.4,0.0
2021-11-22,19.1,5.0,0.0
2021-11-23,19.6,6.2,0.0
2021-11-24,13.1,8.5,19.2
2021-11-25,9.6,4.9,0.3
2021-11-26,16.3,2.8,0.0
2021-11-27,19.5,8.0,3.4
2021-11-28,19.7,12.4,6.7
2021-11-29,23.1,10.0,0.0
2021-11-30,20.2,10.3,6.7
2021-12-01,14.6,7.2,2.2
2021-12-02,13.9,3.6,0.0
2021-12-03,16.4,3.2,0.0
2021-12-04,17.4,10.9,0.0
2021-12-05,14.7,9.1,0.1
2021-12-06,19.6,8.7,0.0
2021-12-07,19.6,9.1,0.0
2021-12-08,18.6,9.4,0.0
2021-12-09,11.8,5.2,19.4
2021-12-10,18.5,4.8,0.0
2021-12-11,16.2,7.0,0.0
2021-12-12,19.5,5.7,0.0
2021-12-13,19.5,7.5,0.0
2021-12-14,11.8,9.1,0.0
2021-12-15,15.1,7.3,0.0
2021-12-16,10.9,8.7,5.3
2021-12-17,11.2,5.8,1.8
2021-12-18,9.4,6.6,9.6
2021-12-19,8.2,4.9,3.2
2021-12-20,9.6,3.8,0.2
2021-12-21,8.1,0.8,6.1
2021-12-22,4.6,-0.2,1.2
2021-12-23,5.6,-1.8,0.4
2021-12-24,5.9,-3.4,0.0
2021-12-25,10.9,4.2,0.0
2021-12-26,13.8,7.3,0.0
2021-12-27,15.6,6.9,0.0
2021-12-28,15.7,9.7,0.0
2021-12-29,14.9,6.7,0.0
2021-12-30,16.4,7.7,0.0
2021-12-31,11.9,5.8,2.0
2022-01-01,13.0,8.1,1.8
2022-01-02,10.2,6.2,14.3
2022-01-03,11.9,2.0,0.0
2022-01-04,12.9,3.0,3.5
2022-01-05,16.7,1.9,0.0
2022-01-06,18.9,7.7,0.0
2022-01-07,17.5,9.4,0.1
2022-01-08,13.7,5.7,1.0
2022-01-09,18.7,5.9,0.0
2022-01-10,17.5,7.7,0.0
2022-01-11,15.3,6.2,0.1
2022-01-12,10.2,4.6,18.4
2022-01-13,4.2,1.5,8.5
2022-01-14,6.7,0.2,0.0
2022-01-15,5.4,0.6,9.3
2022-01-16,5.7,0.4,2.3
2022-01-17,8.8,-0.1,0.0
2022-01-18,9.4,2.6,7.4
2022-01-19,3.8,0.9,1.9
2022-01-20,6.8,1.2,1.2
2022-01-21,9.8,2.5,0.0
2022-01-22,8.1,3.5,7.1
2022-01-23,3.0,1.4,43.7
2022-01-24,4.8,0.2,8.9
2022-01-25,4.3,-3.5,0.5
2022-01-26,3.0,0.2,14.6
2022-01-27,6.7,-1.7,0.3
2022-01-28,5.4,-1.9,0.0
2022-01-29,5.4,0.0,0.0
2022-01-30,7.2,-1.2,0.0
2022-01-31,9.9,2.7,4.9
2022-02-01,11.7,-1.1,0.2
2022-02-02,14.9,4.3,0.0
2022-02-03,16.6,5.3,0.0
2022-02-04,7.9,3.7,3.9
2022-02-05,9.1,-0.6,0.0
2022-02-06,10.9,2.0,0.6
2022-02-07,13.2,0.3,0.0
2022-02-08,16.2,2.0,0.0
2022-02-09,9.4,4.9,7.7
2022-02-10,8.1,4.1,2.8
2022-02-11,12.6,-0.6,0.0
2022-02-12,15.4,4.0,0.0
2022-02-13,7.4,3.2,1.2
2022-02-14,7.0,4.1,0.0
2022-02-15,10.5,1.2,0.0
2022-02-16,12.6,-0.2,0.0
2022-02-17,13.1,0.2,0.0
2022-02-18,14.3,7.7,2.7
2022-02-19,9.9,3.7,5.9
2022-02-20,15.6,2.0,0.0
2022-02-21,16.0,5.2,0.3
2022-02-22,18.0,3.5,0.0
2022-02-23,21.0,8.1,0.0
2022-02-24,12.2,5.8,0.5
2022-02-25,9.8,7.0,18.8
2022-02-26,8.8,7.5,15.3
2022-02-27,12.4,4.1,0.0
2022-02-28,17.7,5.4,3.9
2022-03-01,8.7,4.6,8.5
2022-03-02,7.2,4.0,12.7
2022-03-03,5.3,2.2,25.4
2022-03-04,10.2,2.2,0.1
2022-03-05,11.5,-0.3,0.1
2022-03-06,9.4,2.0,0.0
2022-03-07,13.6,1.1,3.2
2022-03-08,7.6,5.6,11.0
2022-03-09,5.7,2.6,15.8
2022-03-10,3.3,1.4,7.1
2022-03-11,4.1,0.4,10.1
2022-03-12,5.2,-3.8,0.2
2022-03-13,4.9,-1.5,3.6
2022-03-14,4.3,0.6,3.6
2022-03-15,5.2,-1.2,7.5
2022-03-16,9.2,2.1,0.3
2022-03-17,4.4,0.3,6.0
2022-03-18,4.2,-6.3,3.7
2022-03-19,3.5,-6.5,4.3
2022-03-20,4.5,0.9,12.3
2022-03-21,6.6,2.5,1.6
2022-03-22,8.6,0.8,3.2
2022-03-23,8.1,-0.1,0.4
2022-03-24,9.5,0.2,0.2
2022-03-25,11.9,2.7,0.1
2022-03-26,9.8,3.2,0.1
2022-03-27,16.8,1.7,0.0
2022-03-28,11.6,3.2,0.0
2022-03-29,23.0,1.8,0.0
2022-03-30,19.2,7.2,0.1
2022-03-31,24.9,7.6,0.0
2022-04-01,27.7,16.0,0.0
2022-04-02,27.0,10.6,0.0
2022-04-03,25.2,9.7,0.0
2022-04-04,16.0,6.4,2.1
2022-04-05,10.1,5.2,7.5
2022-04-06,12.6,6.3,0.4
2022-04-07,17.1,6.3,0.0
2022-04-08,19.0,9.8,9.3
2022-04-09,22.9,7.3,0.0
2022-04-10,24.5,7.8,0.0
2022-04-11,26.8,10.4,1.1
2022-04-12,11.4,7.2,7.3
2022-04-13,12.2,4.6,0.8
2022-04-14,12.4,4.4,2.7
2022-04-15,15.6,7.4,0.2
2022-04-16,18.6,5.2,0.0
2022-04-17,23.2,7.2,0.0
2022-04-18,27.5,10.2,0.0
2022-04-19,12.1,7.9,11.7
2022-04-20,10.9,7.8,1.0
2022-04-21,18.9,5.8,0.0
2022-04-22,17.3,5.5,0.0
2022-04-23,20.5,7.2,0.0
2022-04-24,21.0,9.2,0.0
2022-04-25,22.1,8.5,0.0
2022-04-26,18.4,9.6,0.0
2022-04-27,19.2,9.4,0.0
2022-04-28,18.1,10.1,0.0
2022-04-29,18.8,9.1,0.0
2022-04-30,15.4,9.0,0.3
2022-05-01,14.1,11.1,9.9
2022-05-02,15.1,9.0,0.0
2022-05-03,16.3,7.5,0.1
2022-05-04,13.0,10.7,12.9
2022-05-05,14.8,10.5,13.8
2022-05-06,13.3,11.0,13.6
2022-05-07,12.6,10.3,2.5
2022-05-08,12.7,9.4,3.2
2022-05-09,15.4,7.2,0.0
2022-05-10,18.5,6.2,0.0
2022-05-11,16.9,7.7,0.0
2022-05-12,19.3,6.8,0.0
2022-05-13,22.1,6.6,0.0
2022-05-14,26.1,9.4,0.0
2022-05-15,21.5,11.6,0.0
2022-05-16,20.7,10.0,0.0
2022-05-17,23.2,9.5,0.0
2022-05-18,29.1,9.9,0.1
2022-05-19,15.1,11.2,9.7
2022-05-20,18.0,8.9,0.6
2022-05-21,23.6,8.2,0.0
2022-05-22,26.0,9.9,0.0
2022-05-23,20.4,13.0,1.2
2022-05-24,18.0,12.0,6.7
2022-05-25,19.8,9.8,0.4
2022-05-26,22.2,9.9,0.0
2022-05-27,22.5,12.1,0.2
2022-05-28,23.7,11.2,0.0
2022-05-29,25.1,13.1,0.0
2022-05-30,28.5,13.8,0.0
2022-05-31,24.6,16.1,0.0
2022-06-01,23.9,15.1,0.0
2022-06-02,23.4,14.8,0.0
2022-06-03,23.2,15.4,0.0
2022-06-04,24.4,16.3,0.0
2022-06-05,25.9,16.8,0.0
2022-06-06,25.0,17.1,0.0
2022-06-07,23.1,16.9,0.3
2022-06-08,25.2,16.5,0.0
2022-06-09,23.8,17.5,0.1
2022-06-10,27.8,17.4,0.0
2022-06-11,28.3,18.5,0.0
2022-06-12,26.2,19.1,0.8
2022-06-13,25.6,18.8,27.0
2022-06-14,25.5,19.1,7.6
2022-06-15,25.9,17.0,4.7
2022-06-16,23.0,18.9,0.7
2022-06-17,24.7,16.5,0.4
2022-06-18,24.6,16.4,0.0
2022-06-19,24.8,16.6,1.2
2022-06-20,27.4,16.8,0.0
2022-06-21,25.4,17.1,4.8
2022-06-22,27.5,18.5,0.8
2022-06-23,26.3,15.9,0.0
2022-06-24,22.9,17.3,3.7
2022-06-25,27.2,16.0,6.2
2022-06-26,21.3,15.4,3.5
2022-06-27,23.9,15.9,9.7
2022-06-28,23.6,16.0,7.2
2022-06-29,22.9,17.6,6.8
2022-06-30,24.9,18.4,0.6
2022-07-01,25.1,17.1,1.0
2022-07-02,26.7,16.8,0.0
2022-07-03,24.9,17.6,0.0
2022-07-04,24.9,15.2,0.0
2022-07-05,25.5,18.0,0.8
2022-07-06,27.5,16.6,0.0
2022-07-07,28.4,16.4,0.0
2022-07-08,27.4,17.8,0.0
2022-07-09,28.6,18.8,0.0
2022-07-10,27.0,20.8,3.5
2022-07-11,27.8,20.0,0.8
2022-07-12,25.5,19.3,5.2
2022-07-13,26.7,18.4,0.0
2022-07-14,26.3,19.4,1.3
2022-07-15,25.1,18.0,5.0
2022-07-16,27.3,19.1,0.1
2022-07-17,26.2,21.5,7.6
2022-07-18,25.9,20.2,10.2
2022-07-19,26.0,19.9,0.0
2022-07-20,25.6,19.2,1.1
2022-07-21,26.1,19.6,0.1
2022-07-22,26.1,18.1,0.1
2022-07-23,27.5,17.5,0.0
2022-07-24,25.9,19.0,4.0
2022-07-25,27.9,17.0,0.0
2022-07-26,28.0,17.2,0.0
2022-07-27,28.2,19.0,0.0
2022-07-28,28.9,18.1,0.0
2022-07-29,28.6,18.2,0.0
2022-07-30,29.9,17.3,0.0
2022-07-31,30.6,19.4,0.2
2022-08-01,29.2,19.5,0.2
2022-08-02,28.1,22.6,1.5
2022-08-03,27.4,22.2,1.9
2022-08-04,28.0,21.9,1.5
2022-08-05,27.3,21.8,2.2
2022-08-06,29.2,21.1,1.0
2022-08-07,29.2,21.5,0.8
2022-08-08,30.0,20.5,0.6
2022-08-09,29.4,21.5,1.5
2022-08-10,30.5,21.5,0.0
2022-08-11,30.6,20.9,1.2
2022-08-12,29.1,21.8,2.6
2022-08-13,28.1,22.2,6.7
2022-08-14,30.0,21.5,0.4
2022-08-15,28.3,20.6,2.5
2022-08-16,27.2,22.9,2.5
2022-08-17,30.3,22.1,1.8
2022-08-18,29.9,21.4,0.1
2022-08-19,29.5,19.4,0.7
2022-08-20,27.6,20.3,29.8
2022-08-21,30.6,20.2,0.0
2022-08-22,31.8,21.1,0.0
2022-08-23,31.8,20.8,0.0
2022-08-24,31.4,21.0,0.0
2022-08-25,30.2,21.9,0.3
2022-08-26,31.0,22.0,0.0
2022-08-27,30.4,22.4,0.0
2022-08-28,29.2,23.0,4.4
2022-08-29,30.5,21.7,0.4
2022-08-30,32.2,21.1,0.0
2022-08-31,32.2,24.0,0.2
2022-09-01,30.4,23.0,0.0
2022-09-02,30.6,23.6,0.4
2022-09-03,33.8,22.8,0.1
2022-09-04,27.5,21.8,4.6
2022-09-05,24.6,19.9,15.9
2022-09-06,23.8,16.8,2.7
2022-09-07,22.1,16.3,1.2
2022-09-08,23.3,15.2,0.9
2022-09-09,26.1,14.1,0.0
2022-09-10,27.2,14.2,0.0
2022-09-11,31.3,16.0,0.0
2022-09-12,27.1,17.0,1.4
2022-09-13,23.2,17.8,11.4
2022-09-14,23.6,15.7,1.7
2022-09-15,29.5,13.8,0.0
2022-09-16,37.2,16.2,0.0
2022-09-17,32.8,18.5,0.0
2022-09-18,39.5,18.7,0.0
2022-09-19,23.2,19.4,1.1
2022-09-20,25.2,16.9,1.8
2022-09-21,19.8,17.1,16.5
2022-09-22,21.3,16.6,11.8
2022-09-23,20.5,15.1,5.7
2022-09-24,19.5,14.7,11.0
2022-09-25,22.0,12.1,0.4
2022-09-26,27.9,11.1,0.0
2022-09-27,32.2,13.1,0.0
2022-09-28,26.5,18.0,0.5
2022-09-29,28.4,14.9,0.1
2022-09-30,30.1,15.1,0.0
2022-10-01,28.7,16.5,0.0
2022-10-02,34.7,16.0,14.3
2022-10-03,21.9,15.1,10.3
2022-10-04,21.1,13.7,4.6
2022-10-05,20.1,16.2,14.2
2022-10-06,19.6,14.6,3.9
2022-10-07,20.2,13.7,0.0
2022-10-08,20.4,15.7,3.4
2022-10-09,22.4,16.4,6.4
2022-10-10,21.7,15.4,2.5
2022-10-11,19.8,15.2,1.1
2022-10-12,19.8,11.2,0.2
2022-10-13,20.2,12.9,1.1
2022-10-14,20.0,12.1,0.1
2022-10-15,19.5,13.1,0.3
2022-10-16,19.9,15.6,4.1
2022-10-17,19.4,16.4,5.6
2022-10-18,19.5,16.4,3.9
2022-10-19,20.2,15.4,1.3
2022-10-20,17.5,13.8,11.0
2022-10-21,15.1,10.6,1.3
2022-10-22,17.0,8.0,1.4
2022-10-23,21.5,7.7,0.0
2022-10-24,19.4,11.0,1.3
2022-10-25,20.1,9.1,0.0
2022-10-26,23.6,8.7,0.0
2022-10-27,18.4,12.6,1.1
2022-10-28,16.8,11.1,1.1
2022-10-29,17.5,11.1,1.5
2022-10-30,18.1,7.6,0.0
2022-10-31,17.2,7.0,0.0
2022-11-01,15.2,11.2,3.0
2022-11-02,18.0,7.1,0.0
2022-11-03,19.0,7.4,0.0
2022-11-04,17.3,10.1,4.6
2022-11-05,21.9,7.8,0.0
2022-11-06,18.1,9.4,0.0
2022-11-07,18.1,10.8,2.9
2022-11-08,15.1,11.1,2.6
2022-11-09,14.8,9.6,0.0
2022-11-10,15.4,7.8,0.0
2022-11-11,16.9,6.2,0.1
2022-11-12,16.1,8.5,0.0
2022-11-13,16.9,6.4,0.0
2022-11-14,15.4,6.7,0.0
2022-11-15,16.1,6.8,0.3
2022-11-16,16.8,5.6,0.0
2022-11-17,20.5,4.1,0.0
2022-11-18,22.2,12.9,0.0
2022-11-19,25.3,11.4,0.0
2022-11-20,24.5,10.5,0.0
2022-11-21,21.0,14.9,0.0
2022-11-22,19.6,12.1,0.0
2022-11-23,21.3,8.2,0.2
2022-11-24,21.8,10.6,0.0
2022-11-25,17.2,10.8,13.5
2022-11-26,14.3,8.3,7.1
2022-11-27,13.9,6.3,0.0
2022-11-28,14.4,5.2,0.0
2022-11-29,15.4,4.7,0.0
2022-11-30,15.1,4.7,0.0
2022-12-01,16.9,4.8,0.0
2022-12-02,14.9,8.1,2.0
2022-12-03,15.5,7.1,0.8
2022-12-04,14.1,8.4,0.8
2022-12-05,13.8,4.8,0.3
2022-12-06,13.4,5.5,0.0
2022-12-07,16.1,3.8,0.0
2022-12-08,17.0,4.1,0.0
2022-12-09,17.5,3.5,0.0
2022-12-10,18.5,6.8,0.0
2022-12-11,17.9,10.7,0.0
2022-12-12,17.8,13.1,0.9
2022-12-13,20.0,10.9,1.1
2022-12-14,11.1,8.6,11.1
2022-12-15,16.2,4.8,0.6
2022-12-16,15.9,7.2,0.2
2022-12-17,20.5,7.1,0.0
2022-12-18,20.0,9.9,0.0
2022-12-19,13.3,5.6,15.7
2022-12-20,8.9,4.8,3.5
2022-12-21,10.3,1.2,0.0
2022-12-22,12.8,1.5,0.0
2022-12-23,14.0,1.8,0.0
2022-12-24,12.9,1.5,0.0
2022-12-25,13.2,5.1,0.1
2022-12-26,13.3,7.8,3.4
2022-12-27,13.9,2.0,0.6
2022-12-28,12.7,8.3,0.7
2022-12-29,11.1,3.0,0.1
2022-12-30,15.1,3.0,0.0
2022-12-31,16.0,4.9,0.0
2023-01-01,14.7,2.7,0.0
2023-01-02,14.5,1.0,0.0
2023-01-03,14.8,0.8,0.0
2023-01-04,12.7,-0.2,3.9
2023-01-05,13.8,4.2,2.3
2023-01-06,11.3,4.8,2.4
2023-01-07,9.1,3.2,2.9
2023-01-08,6.7,2.5,2.0
2023-01-09,9.1,-0.8,0.0
2023-01-10,13.1,-1.3,0.0
2023-01-11,16.0,-0.1,0.0
2023-01-12,15.2,2.3,0.0
2023-01-13,14.8,2.8,0.0
2023-01-14,14.0,1.6,0.0
2023-01-15,11.4,0.9,0.0
2023-01-16,12.8,1.0,0.0
2023-01-17,17.6,3.8,0.0
2023-01-18,18.4,5.9,0.0
2023-01-19,20.0,6.9,0.0
2023-01-20,19.2,6.2,0.0
2023-01-21,16.5,6.4,0.0
2023-01-22,15.9,0.7,0.0
2023-01-23,10.2,3.4,0.0
2023-01-24,10.1,6.2,0.0
2023-01-25,9.6,6.7,0.3
2023-01-26,11.4,1.8,1.3
2023-01-27,17.0,0.3,0.1
2023-01-28,16.5,4.7,0.0
2023-01-29,8.9,3.8,9.7
2023-01-30,8.4,4.9,9.3
2023-01-31,8.1,4.3,8.4
2023-02-01,6.3,4.4,16.5
2023-02-02,9.8,1.4,0.1
2023-02-03,10.1,2.3,2.4
2023-02-04,9.1,2.5,0.9
2023-02-05,10.1,0.1,0.0
2023-02-06,6.3,3.3,17.9
2023-02-07,4.2,1.5,11.2
2023-02-08,4.2,1.5,6.1
2023-02-09,7.2,2.1,0.3
2023-02-10,6.8,-0.1,0.4
2023-02-11,5.5,2.0,3.3
2023-02-12,7.8,-2.2,0.1
2023-02-13,5.4,-0.2,7.3
2023-02-14,8.5,-1.2,0.0
2023-02-15,5.9,1.7,8.2
2023-02-16,5.8,1.2,9.8
2023-02-17,11.9,-1.3,0.0
2023-02-18,14.4,6.6,0.7
2023-02-19,17.9,7.2,1.3
2023-02-20,12.2,4.6,6.1
2023-02-21,16.8,0.6,0.0
2023-02-22,14.4,5.9,0.0
2023-02-23,9.9,5.2,2.1
2023-02-24,10.7,2.9,0.0
2023-02-25,19.7,4.8,0.0
2023-02-26,22.1,11.9,0.0
2023-02-27,22.2,9.1,0.0
2023-02-28,20.8,8.4,0.0
2023-03-01,13.9,7.2,1.7
2023-03-02,9.6,7.3,4.2
2023-03-03,10.4,7.2,1.1
2023-03-04,13.3,5.6,0.3
2023-03-05,17.4,5.6,4.5
2023-03-06,10.1,6.7,6.3
2023-03-07,18.8,3.0,0.0
2023-03-08,21.5,3.8,0.0
2023-03-09,19.5,4.7,0.1
2023-03-10,20.6,7.5,0.0
2023-03-11,25.4,8.4,0.0
2023-03-12,17.6,8.9,13.5
2023-03-13,8.6,4.2,24.7
2023-03-14,10.1,3.2,7.9
2023-03-15,11.9,3.9,7.0
2023-03-16,21.2,6.7,0.0
2023-03-17,10.3,6.7,0.9
2023-03-18,11.4,6.8,1.8
2023-03-19,9.5,7.9,19.3
2023-03-20,9.7,7.2,18.3
2023-03-21,12.9,6.6,2.2
2023-03-22,14.8,4.0,0.0
2023-03-23,11.2,6.8,9.2
2023-03-24,13.4,6.2,9.5
2023-03-25,15.6,4.3,0.0
2023-03-26,22.4,5.8,0.0
2023-03-27,16.6,8.4,2.9
2023-03-28,22.2,5.9,3.1
2023-03-29,10.0,4.6,24.9
2023-03-30,7.8,1.3,4.7
2023-03-31,10.3,-0.2,0.0
2023-04-01,19.1,1.2,0.0
2023-04-02,19.1,8.1,4.4
2023-04-03,17.3,8.6,10.3
2023-04-04,21.4,8.6,0.0
2023-04-05,20.4,10.6,12.9
2023-04-06,12.1,7.6,9.3
2023-04-07,12.9,7.5,8.1
2023-04-08,13.6,8.6,1.2
2023-04-09,15.8,6.3,0.0
2023-04-10,13.4,8.3,5.1
2023-04-11,12.6,7.2,10.5
2023-04-12,13.6,7.1,0.6
2023-04-13,16.0,7.5,15.0
2023-04-14,21.5,7.2,0.1
2023-04-15,26.1,8.1,0.0
2023-04-16,18.0,8.5,0.0
2023-04-17,23.0,9.6,0.3
2023-04-18,21.9,12.4,0.2
2023-04-19,22.8,11.8,3.3
2023-04-20,12.9,10.6,12.2
2023-04-21,17.4,7.6,8.3
2023-04-22,14.8,6.6,1.1
2023-04-23,14.4,6.6,4.7
2023-04-24,12.9,7.0,6.5
2023-04-25,19.3,5.8,0.0
2023-04-26,25.0,11.3,0.0
2023-04-27,23.0,9.9,3.4
2023-04-28,14.1,9.9,6.5
2023-04-29,14.5,9.6,4.0
2023-04-30,15.7,7.3,0.0
2023-05-01,16.0,7.2,0.2
2023-05-02,15.1,6.2,0.4
2023-05-03,17.6,5.6,0.0
2023-05-04,19.9,5.7,0.0
2023-05-05,18.2,8.4,0.0
2023-05-06,17.5,8.9,1.0
2023-05-07,18.0,8.6,0.1
2023-05-08,15.6,12.3,3.1
2023-05-09,18.3,9.4,1.0
2023-05-10,12.9,10.9,10.0
2023-05-11,13.5,10.9,9.6
2023-05-12,14.9,10.3,14.5
2023-05-13,17.0,9.9,0.3
2023-05-14,18.5,9.2,0.0
2023-05-15,21.0,6.9,0.0
2023-05-16,21.5,8.9,0.0
2023-05-17,19.6,8.1,0.0
2023-05-18,21.0,9.2,0.0
2023-05-19,19.0,12.1,0.0
2023-05-20,18.2,12.9,3.2
2023-05-21,19.4,11.9,0.1
2023-05-22,19.6,11.1,7.4
2023-05-23,20.1,13.6,1.1
2023-05-24,19.8,11.1,0.8
2023-05-25,20.6,12.3,0.0
2023-05-26,20.4,12.9,6.6
2023-05-27,21.8,12.8,0.0
2023-05-28,21.0,13.9,1.3
2023-05-29,23.6,14.6,0.0
2023-05-30,24.8,15.2,5.8
2023-05-31,22.0,15.6,7.6
2023-06-01,23.0,13.8,6.1
2023-06-02,23.6,14.4,14.8
2023-06-03,24.4,14.5,0.1
2023-06-04,21.9,16.4,14.5
2023-06-05,20.8,16.2,10.7
2023-06-06,21.9,15.4,16.4
2023-06-07,23.1,12.9,0.0
2023-06-08,23.5,13.3,0.0
2023-06-09,23.5,16.6,4.9
2023-06-10,22.8,17.1,0.8
2023-06-11,24.8,14.9,2.0
2023-06-12,23.1,17.4,19.2
2023-06-13,21.5,18.0,18.6
2023-06-14,21.5,17.0,9.7
2023-06-15,22.8,17.6,0.5
2023-06-16,25.5,15.4,0.0
2023-06-17,25.4,16.2,2.0
2023-06-18,23.4,17.6,9.3
2023-06-19,24.0,15.8,1.9
2023-06-20,23.6,17.5,43.2
2023-06-21,24.0,19.0,4.1
2023-06-22,24.1,18.2,7.1
2023-06-23,24.2,17.2,0.0
2023-06-24,25.9,14.9,0.0
2023-06-25,25.7,16.6,0.0
2023-06-26,25.6,15.8,0.0
2023-06-27,24.5,18.6,4.2
2023-06-28,26.1,19.9,4.2
2023-06-29,26.0,18.4,2.2
2023-06-30,23.5,18.1,21.3
2023-07-01,26.1,14.9,0.0
2023-07-02,28.8,14.6,0.0
2023-07-03,30.5,19.1,0.0
2023-07-04,27.2,19.0,0.0
2023-07-05,28.8,17.4,0.0
2023-07-06,29.2,18.6,0.0
2023-07-07,28.2,18.8,0.0
2023-07-08,29.8,20.1,16.1
2023-07-09,28.0,19.6,9.0
2023-07-10,24.5,19.5,23.7
2023-07-11,26.0,16.3,0.0
2023-07-12,29.7,15.7,0.0
2023-07-13,27.7,17.5,0.0
2023-07-14,30.1,17.6,0.0
2023-07-15,27.2,18.3,1.4
2023-07-16,25.7,20.1,9.7
2023-07-17,26.9,19.0,1.2
2023-07-18,26.5,16.5,0.0
2023-07-19,27.1,16.5,0.0
2023-07-20,27.8,16.1,0.0
2023-07-21,29.6,16.5,0.0
2023-07-22,29.8,17.6,0.0
2023-07-23,32.6,18.3,0.0
2023-07-24,24.5,20.8,29.3
2023-07-25,26.6,19.9,1.8
2023-07-26,30.0,17.4,0.0
2023-07-27,40.9,18.6,0.0
2023-07-28,25.5,22.0,1.6
2023-07-29,26.7,17.0,0.0
2023-07-30,25.9,18.6,0.1
2023-07-31,28.7,16.4,0.0
2023-08-01,28.5,17.2,0.0
2023-08-02,29.5,18.9,0.0
2023-08-03,29.0,19.9,0.0
2023-08-04,29.4,18.6,0.0
2023-08-05,30.6,19.4,0.0
2023-08-06,36.9,19.7,0.0
2023-08-07,32.0,23.0,0.0
2023-08-08,28.0,22.4,0.0
2023-08-09,27.7,23.5,1.9
2023-08-10,29.0,22.2,0.9
2023-08-11,27.4,20.2,0.1
2023-08-12,27.6,23.2,1.4
2023-08-13,29.9,21.9,0.0
2023-08-14,31.9,20.4,0.0
2023-08-15,32.2,20.4,0.0
2023-08-16,31.3,19.5,0.0
2023-08-17,32.0,20.4,0.0
2023-08-18,31.0,22.0,0.0
2023-08-19,32.2,24.2,6.1
2023-08-20,30.4,19.4,0.0
2023-08-21,30.2,20.8,0.0
2023-08-22,31.1,20.4,0.0
2023-08-23,31.0,18.6,0.0
2023-08-24,29.4,21.4,0.5
2023-08-25,28.9,19.6,1.1
2023-08-26,30.0,18.3,0.0
2023-08-27,29.1,20.6,0.0
2023-08-28,28.9,20.6,0.7
2023-08-29,29.3,22.6,2.0
2023-08-30,35.3,19.5,0.0
2023-08-31,34.8,20.1,0.0
2023-09-01,29.1,23.4,2.2
2023-09-02,27.6,22.4,25.8
2023-09-03,26.2,21.5,28.7
2023-09-04,26.4,20.8,13.8
2023-09-05,27.6,21.2,0.1
2023-09-06,25.7,22.7,2.0
2023-09-07,25.8,21.2,1.8
2023-09-08,26.1,19.1,4.0
2023-09-09,24.1,18.2,0.0
2023-09-10,22.4,16.7,2.8
2023-09-11,22.8,14.9,0.3
2023-09-12,23.7,16.0,0.8
2023-09-13,23.3,14.4,1.3
2023-09-14,24.2,13.4,0.0
2023-09-15,24.6,13.4,0.0
2023-09-16,24.2,13.6,0.7
2023-09-17,22.9,17.1,3.5
2023-09-18,23.5,15.9,1.0
2023-09-19,24.0,15.6,0.1
2023-09-20,23.9,16.2,0.1
2023-09-21,24.8,14.6,0.0
2023-09-22,25.8,15.4,0.0
2023-09-23,26.6,17.0,0.0
2023-09-24,25.4,16.4,0.0
2023-09-25,25.6,18.4,0.2
2023-09-26,25.4,16.5,0.2
2023-09-27,26.2,15.1,0.0
2023-09-28,27.9,15.3,0.3
2023-09-29,25.1,17.6,2.3
2023-09-30,24.5,18.5,11.6
2023-10-01,24.0,16.4,2.4
2023-10-02,23.0,17.6,39.6
2023-10-03,20.8,13.9,15.5
2023-10-04,21.0,11.1,0.0
2023-10-05,22.6,11.1,0.0
2023-10-06,21.9,11.1,0.0
2023-10-07,21.2,11.4,0.0
2023-10-08,26.6,10.9,0.0
2023-10-09,18.0,11.8,11.2
2023-10-10,18.8,10.8,0.1
2023-10-11,16.6,9.7,4.1
2023-10-12,17.9,8.4,0.0
2023-10-13,21.4,6.9,0.0
2023-10-14,20.1,7.8,0.0
2023-10-15,23.6,9.6,0.0
2023-10-16,23.4,13.6,5.7
2023-10-17,16.4,10.6,6.1
2023-10-18,14.6,10.6,18.7
2023-10-19,18.0,9.6,4.2
2023-10-20,25.5,8.8,0.0
2023-10-21,27.2,11.2,0.0
2023-10-22,28.0,12.2,0.0
2023-10-23,27.0,13.1,0.0
2023-10-24,22.9,13.1,0.0
2023-10-25,24.1,12.6,0.0
2023-10-26,26.2,12.4,0.3
2023-10-27,27.2,13.2,0.0
2023-10-28,29.0,14.7,0.0
2023-10-29,24.1,12.1,0.0
2023-10-30,22.3,14.4,0.0
2023-10-31,23.5,12.5,0.0
2023-11-01,27.7,13.6,0.4
2023-11-02,22.2,14.5,0.2
2023-11-03,23.3,13.7,0.0
2023-11-04,27.2,12.1,0.0
2023-11-05,22.4,13.5,0.0
2023-11-06,25.6,12.9,1.2
2023-11-07,22.7,12.8,0.0
2023-11-08,24.3,9.9,0.0
2023-11-09,20.2,11.8,8.2
2023-11-10,17.3,9.9,0.6
2023-11-11,24.9,8.9,0.0
2023-11-12,23.2,15.5,5.3
2023-11-13,19.6,13.1,0.9
2023-11-14,16.0,9.2,13.0
2023-11-15,20.5,8.1,0.0
2023-11-16,19.2,9.8,15.5
2023-11-17,17.0,7.2,0.0
2023-11-18,18.5,7.6,0.5
2023-11-19,17.2,10.1,4.9
2023-11-20,14.2,9.6,2.2
2023-11-21,15.9,7.2,4.0
2023-11-22,18.2,5.1,0.0
2023-11-23,15.7,10.6,3.2
2023-11-24,21.1,7.5,0.0
2023-11-25,19.5,9.6,2.0
2023-11-26,22.8,10.9,12.1
2023-11-27,11.9,2.0,0.7
2023-11-28,11.6,0.8,0.0
2023-11-29,17.0,5.2,27.9
2023-11-30,15.6,10.6,10.1
2023-12-01,20.8,7.6,0.0
2023-12-02,20.7,9.2,0.0
2023-12-03,20.9,10.4,0.0
2023-12-04,19.3,8.5,1.5
2023-12-05,12.1,8.6,2.8
2023-12-06,14.9,5.8,0.0
2023-12-07,17.5,7.1,8.0
2023-12-08,17.0,7.3,0.1
2023-12-09,16.5,9.1,1.3
2023-12-10,13.9,7.8,1.9
2023-12-11,15.0,6.6,0.4
2023-12-12,12.1,8.9,8.5
2023-12-13,12.1,7.2,10.4
2023-12-14,16.4,4.6,0.0
2023-12-15,19.9,7.6,0.0
2023-12-16,12.4,9.1,3.8
2023-12-17,8.4,4.9,17.4
2023-12-18,10.1,0.4,0.0
2023-12-19,10.8,4.4,0.1
2023-12-20,15.1,2.7,0.0
2023-12-21,12.2,4.7,0.0
2023-12-22,15.2,7.2,0.0
2023-12-23,15.2,7.7,8.5
2023-12-24,9.1,1.1,11.8
2023-12-25,16.5,3.5,0.3
2023-12-26,18.8,6.9,0.0
2023-12-27,18.7,6.9,0.0
2023-12-28,13.2,5.6,0.0
2023-12-29,16.4,3.2,0.0
2023-12-30,15.9,2.4,0.0
2023-12-31,16.0,2.3,0.0
2024-01-01,15.8,2.5,0.0
2024-01-02,14.9,6.2,0.2
2024-01-03,13.1,7.4,1.6
2024-01-04,17.3,7.5,2.8
2024-01-05,14.6,5.7,3.5
2024-01-06,15.3,3.5,0.0
2024-01-07,16.5,6.2,0.0
2024-01-08,18.9,9.9,1.7
2024-01-09,10.9,7.6,6.6
2024-01-10,7.6,4.9,1.0
2024-01-11,7.6,-0.4,0.0
2024-01-12,8.1,-1.0,0.7
2024-01-13,3.8,-1.0,0.7
2024-01-14,8.0,-3.5,0.0
2024-01-15,11.9,-2.4,0.0
2024-01-16,16.2,2.2,4.8
2024-01-17,11.3,3.2,4.2
2024-01-18,16.9,2.2,0.0
2024-01-19,18.8,8.9,0.7
2024-01-20,18.7,8.9,2.2
2024-01-21,9.2,5.7,16.4
2024-01-22,6.2,2.2,2.2
2024-01-23,6.4,-0.6,0.0
2024-01-24,7.8,-1.4,1.0
2024-01-25,9.2,-1.8,0.0
2024-01-26,11.1,2.0,1.3
2024-01-27,9.2,1.6,2.3
2024-01-28,8.9,-0.6,1.2
2024-01-29,6.7,0.6,10.1
2024-01-30,6.5,3.7,6.0
2024-01-31,8.3,2.1,0.6
2024-02-01,8.1,0.0,1.5
2024-02-02,10.4,-1.8,0.0
2024-02-03,8.3,1.6,0.1
2024-02-04,13.1,0.8,0.0
2024-02-05,14.7,4.9,1.2
2024-02-06,13.0,5.6,1.4
2024-02-07,19.6,4.4,0.0
2024-02-08,19.6,4.3,0.0
2024-02-09,19.9,5.8,0.0
2024-02-10,20.3,6.2,0.0
2024-02-11,20.5,8.8,0.0
2024-02-12,20.9,8.6,0.0
2024-02-13,21.2,12.0,0.0
2024-02-14,12.8,8.1,9.4
2024-02-15,14.1,9.2,6.2
2024-02-16,13.1,8.8,0.7
2024-02-17,10.4,7.0,1.5
2024-02-18,8.7,5.7,1.4
2024-02-19,8.9,4.9,0.1
2024-02-20,11.1,2.3,0.1
2024-02-21,12.1,0.4,0.0
2024-02-22,8.0,2.0,2.6
2024-02-23,15.9,0.0,0.0
2024-02-24,17.8,0.8,0.0
2024-02-25,14.4,3.0,0.0
2024-02-26,16.4,3.0,0.0
2024-02-27,15.6,3.8,0.0
2024-02-28,11.8,3.0,0.0
2024-02-29,14.6,2.1,0.0
2024-03-01,15.4,2.2,0.0
2024-03-02,16.6,4.3,0.0
2024-03-03,11.3,7.2,3.3
2024-03-04,13.9,4.9,3.8
2024-03-05,16.8,5.0,0.2
2024-03-06,13.6,8.8,1.3
2024-03-07,10.9,6.6,2.0
2024-03-08,11.4,5.8,0.6
2024-03-09,7.9,6.4,8.3
2024-03-10,10.9,5.8,5.6
2024-03-11,16.1,0.8,0.0
2024-03-12,19.2,4.3,0.6
2024-03-13,15.9,6.1,0.0
2024-03-14,14.8,7.1,1.9
2024-03-15,14.6,4.1,0.0
2024-03-16,12.1,8.5,6.6
2024-03-17,12.5,7.2,8.5
2024-03-18,12.8,6.3,0.0
2024-03-19,12.1,3.9,0.9
2024-03-20,14.1,1.6,0.1
2024-03-21,8.1,6.2,17.7
2024-03-22,9.5,4.4,8.2
2024-03-23,8.4,4.7,10.3
2024-03-24,14.3,2.0,0.2
2024-03-25,21.2,1.6,0.0
2024-03-26,16.5,6.8,14.3
2024-03-27,15.9,2.8,0.0
2024-03-28,24.7,6.2,0.0
2024-03-29,23.9,7.9,0.6
2024-03-30,20.7,9.1,0.0
2024-03-31,25.4,8.4,0.0
2024-04-01,22.5,10.9,0.1
2024-04-02,28.8,8.7,0.0
2024-04-03,18.7,9.1,0.0
2024-04-04,18.5,6.7,0.0
2024-04-05,15.1,7.8,0.3
2024-04-06,16.8,4.8,0.0
2024-04-07,14.9,6.7,0.0
2024-04-08,15.9,7.8,0.5
2024-04-09,15.4,8.5,0.0
2024-04-10,16.9,8.6,14.9
2024-04-11,15.6,11.3,1.1
2024-04-12,15.2,10.1,2.5
2024-04-13,17.6,11.1,1.3
2024-04-14,17.4,9.8,1.2
2024-04-15,22.8,8.1,0.0
2024-04-16,29.8,7.9,0.0
2024-04-17,30.2,12.4,0.0
2024-04-18,32.8,11.4,0.0
2024-04-19,18.0,11.9,0.0
2024-04-20,20.1,10.6,0.0
2024-04-21,21.9,10.8,0.5
2024-04-22,23.2,8.9,0.0
2024-04-23,22.5,9.0,0.0
2024-04-24,31.5,12.0,0.0
2024-04-25,33.5,16.3,0.0
2024-04-26,22.6,15.6,0.0
2024-04-27,17.6,13.0,10.9
2024-04-28,20.9,11.6,0.0
2024-04-29,18.6,12.8,0.0
2024-04-30,19.0,13.9,1.2
2024-05-01,17.8,13.8,0.1
2024-05-02,16.5,12.9,13.1
2024-05-03,15.4,12.9,6.8
2024-05-04,17.3,11.6,0.6
2024-05-05,15.3,11.3,2.5
2024-05-06,14.8,9.6,0.7
2024-05-07,19.1,8.6,0.0
2024-05-08,22.3,7.6,0.0
2024-05-09,21.8,8.8,1.6
2024-05-10,18.8,11.6,0.6
2024-05-11,19.4,12.4,19.8
2024-05-12,19.0,13.6,10.3
2024-05-13,19.0,11.6,0.3
2024-05-14,16.1,9.4,0.8
2024-05-15,17.5,7.1,0.0
2024-05-16,16.4,8.8,3.5
2024-05-17,18.1,6.3,0.0
2024-05-18,19.0,10.1,0.0
2024-05-19,19.5,11.9,0.2
2024-05-20,20.7,10.5,0.0
2024-05-21,21.9,10.3,0.0
2024-05-22,23.3,8.4,0.0
2024-05-23,23.4,11.9,0.6
2024-05-24,20.5,13.6,6.9
2024-05-25,20.4,13.8,8.5
2024-05-26,20.8,15.9,0.9
2024-05-27,18.1,11.8,3.4
2024-05-28,20.6,15.5,4.4
2024-05-29,21.8,15.3,3.3
2024-05-30,23.1,14.6,3.7
2024-05-31,24.2,15.1,0.1
2024-06-01,26.6,14.6,0.0
2024-06-02,28.8,13.9,0.0
2024-06-03,28.0,16.1,0.0
2024-06-04,28.4,15.6,0.0
2024-06-05,30.7,16.4,0.0
2024-06-06,27.4,18.8,0.0
2024-06-07,26.6,18.3,0.0
2024-06-08,24.8,18.5,0.8
2024-06-09,26.6,18.0,10.5
2024-06-10,29.5,16.8,0.0
2024-06-11,31.0,15.6,0.0
2024-06-12,33.3,16.9,0.0
2024-06-13,29.0,19.6,0.0
2024-06-14,35.7,19.5,0.0
2024-06-15,26.9,22.0,1.3
2024-06-16,25.5,20.1,0.6
2024-06-17,26.2,19.6,0.7
2024-06-18,27.2,19.1,1.4
2024-06-19,27.1,16.8,0.0
2024-06-20,29.0,18.5,0.0
2024-06-21,27.1,19.9,7.8
2024-06-22,26.2,17.3,0.7
2024-06-23,26.9,16.9,0.0
2024-06-24,28.6,15.6,0.0
2024-06-25,27.6,17.6,3.7
2024-06-26,26.0,20.2,8.4
2024-06-27,26.7,18.1,0.1
2024-06-28,27.5,16.1,0.0
2024-06-29,26.7,17.8,8.3
2024-06-30,27.2,19.8,19.7
2024-07-01,27.5,21.4,1.6
2024-07-02,28.4,19.0,0.0
2024-07-03,31.0,18.6,0.0
2024-07-04,29.9,19.5,0.0
2024-07-05,27.2,21.9,0.7
2024-07-06,24.2,21.1,13.2
2024-07-07,28.0,21.9,14.6
2024-07-08,27.9,20.5,0.8
2024-07-09,29.0,21.3,0.2
2024-07-10,27.7,21.4,1.1
2024-07-11,29.4,21.5,0.0
2024-07-12,28.5,20.4,0.0
2024-07-13,28.9,21.2,0.0
2024-07-14,29.1,22.1,0.6
2024-07-15,29.5,21.6,0.0
2024-07-16,29.1,23.6,0.0
2024-07-17,31.1,22.9,0.1
2024-07-18,31.0,22.8,2.4
2024-07-19,31.0,22.6,0.9
2024-07-20,31.0,22.9,0.5
2024-07-21,30.7,22.5,0.0
2024-07-22,30.5,21.8,0.0
2024-07-23,30.8,21.6,0.0
2024-07-24,27.7,22.8,14.1
2024-07-25,30.0,21.1,2.3
2024-07-26,28.8,23.0,5.6
2024-07-27,26.2,20.8,31.0
2024-07-28,28.5,20.4,11.4
2024-07-29,27.9,18.2,0.8
2024-07-30,27.7,21.0,7.2
2024-07-31,25.7,21.1,8.6
2024-08-01,26.0,18.9,1.9
2024-08-02,28.1,18.2,0.0
2024-08-03,28.4,18.1,0.0
2024-08-04,29.3,19.5,0.0
2024-08-05,29.1,20.1,0.3
2024-08-06,26.7,21.5,29.4
2024-08-07,28.3,21.5,0.7
2024-08-08,29.3,22.1,1.0
2024-08-09,29.7,20.9,0.0
2024-08-10,29.4,20.5,0.4
2024-08-11,29.1,21.2,31.0
2024-08-12,28.8,21.5,3.5
2024-08-13,30.4,19.8,0.5
2024-08-14,30.0,18.5,0.0
2024-08-15,28.2,21.4,2.0
2024-08-16,28.9,20.3,1.7
2024-08-17,29.4,18.9,0.6
2024-08-18,29.4,19.8,0.0
2024-08-19,30.9,19.5,0.0
2024-08-20,31.2,21.0,0.0
2024-08-21,31.9,21.5,0.0
2024-08-22,30.5,22.8,0.6
2024-08-23,30.2,24.0,0.4
2024-08-24,28.6,21.6,16.9
2024-08-25,24.9,20.9,71.9
2024-08-26,27.0,19.6,1.4
2024-08-27,27.4,19.5,0.5
2024-08-28,24.8,22.4,6.7
2024-08-29,27.6,21.4,0.1
2024-08-30,27.2,22.0,5.3
2024-08-31,28.5,20.0,0.1
2024-09-01,28.0,19.1,0.0
2024-09-02,29.7,19.6,2.4
2024-09-03,26.7,22.1,3.4
2024-09-04,26.2,20.5,13.2
2024-09-05,25.4,20.1,3.7
2024-09-06,26.1,20.0,8.7
2024-09-07,26.0,18.6,5.2
2024-09-08,26.0,19.2,5.6
2024-09-09,25.7,19.9,23.3
2024-09-10,30.4,19.8,0.0
2024-09-11,30.9,19.4,0.0
2024-09-12,28.0,20.4,0.6
2024-09-13,28.8,20.9,0.9
2024-09-14,30.9,18.9,0.0
2024-09-15,29.4,19.5,0.0
2024-09-16,24.3,20.4,29.7
2024-09-17,25.4,17.4,0.1
2024-09-18,26.5,17.6,0.6
2024-09-19,21.8,18.4,29.3
2024-09-20,22.4,16.5,7.8
2024-09-21,23.4,16.5,1.0
2024-09-22,22.4,14.8,11.5
2024-09-23,23.6,17.5,23.3
2024-09-24,25.0,17.9,6.4
2024-09-25,24.2,15.5,0.3
2024-09-26,24.9,15.2,0.0
2024-09-27,24.2,14.6,0.0
2024-09-28,25.1,14.4,0.0
2024-09-29,26.0,15.1,0.0
2024-09-30,24.2,15.4,26.8
2024-10-01,22.8,14.6,10.5
2024-10-02,22.5,14.4,0.6
2024-10-03,24.2,14.7,0.0
2024-10-04,26.0,13.3,0.0
2024-10-05,27.2,14.1,0.0
2024-10-06,29.8,13.4,0.0
2024-10-07,25.1,14.4,1.6
2024-10-08,20.9,18.4,8.6
2024-10-09,25.3,15.8,0.0
2024-10-10,23.8,16.2,0.0
2024-10-11,24.4,14.2,0.0
2024-10-12,25.9,15.1,0.0
2024-10-13,20.5,17.4,30.3
2024-10-14,18.8,16.1,9.2
2024-10-15,20.3,12.5,0.6
2024-10-16,21.2,12.2,0.6
2024-10-17,16.5,11.6,4.3
2024-10-18,14.3,9.0,3.1
2024-10-19,15.3,6.8,0.7
2024-10-20,14.1,9.1,2.9
2024-10-21,13.1,10.8,24.9
2024-10-22,15.4,10.4,8.2
2024-10-23,16.1,8.9,4.6
2024-10-24,17.2,7.6,4.8
2024-10-25,16.8,11.8,5.4
2024-10-26,14.8,10.6,10.5
2024-10-27,17.6,8.3,1.1
2024-10-28,18.2,5.8,0.0
2024-10-29,17.9,7.7,0.0
2024-10-30,16.5,12.2,4.2
2024-10-31,17.3,9.6,2.6
2024-11-01,18.0,9.7,0.3
2024-11-02,21.1,8.0,0.0
2024-11-03,14.2,8.6,16.5
2024-11-04,14.9,4.9,0.0
2024-11-05,11.1,5.3,10.1
2024-11-06,12.6,5.2,0.0
2024-11-07,14.0,2.7,0.0
2024-11-08,15.0,4.3,0.0
2024-11-09,15.1,4.2,0.0
2024-11-10,15.9,4.6,0.0
2024-11-11,15.1,8.4,0.3
2024-11-12,16.5,10.6,0.0
2024-11-13,17.5,7.1,0.0
2024-11-14,17.8,6.6,0.0
2024-11-15,16.9,7.6,2.1
2024-11-16,12.8,9.3,7.1
2024-11-17,15.4,4.1,0.0
2024-11-18,15.9,7.3,2.0
2024-11-19,16.1,10.5,2.4
2024-11-20,20.5,7.2,0.0
2024-11-21,23.6,8.5,0.0
2024-11-22,16.4,11.2,22.8
2024-11-23,25.0,8.1,6.3
2024-11-24,7.7,5.5,39.8
2024-11-25,5.7,3.4,21.7
2024-11-26,8.2,3.7,28.8
2024-11-27,10.6,2.5,0.0
2024-11-28,8.9,3.6,0.0
2024-11-29,12.7,2.5,0.0
2024-11-30,12.0,1.6,0.0
2024-12-01,12.4,0.6,0.0
2024-12-02,12.2,0.2,0.0
2024-12-03,12.4,-0.5,0.0
2024-12-04,14.0,1.3,0.5
2024-12-05,14.1,3.5,0.4
2024-12-06,13.9,4.2,0.0
2024-12-07,17.6,3.9,0.0
2024-12-08,19.4,7.3,0.0
2024-12-09,20.4,8.1,0.0
2024-12-10,21.2,9.2,0.0
2024-12-11,19.8,9.9,9.4
2024-12-12,12.2,7.6,5.7
2024-12-13,9.4,3.7,5.6
2024-12-14,7.5,-0.4,0.9
2024-12-15,13.1,-0.6,0.0
2024-12-16,9.4,2.2,10.5
2024-12-17,14.2,1.6,0.0
2024-12-18,15.9,6.7,0.0
2024-12-19,13.6,2.7,0.0
2024-12-20,16.8,1.9,0.0
2024-12-21,17.5,3.7,0.9
2024-12-22,15.3,5.6,3.4
2024-12-23,11.1,5.1,1.6
2024-12-24,18.8,4.8,0.0
2024-12-25,19.0,8.1,0.0
2024-12-26,19.0,5.5,0.0
2024-12-27,9.9,7.8,3.8
2024-12-28,9.5,7.2,3.5
2024-12-29,9.6,7.1,0.2
2024-12-30,8.1,7.1,1.2
2024-12-31,9.4,1.4,0.0
2025-01-01,12.9,-0.4,0.0
2025-01-02,16.2,0.5,0.0
2025-01-03,16.2,0.9,0.0
2025-01-04,17.1,3.5,1.5
2025-01-05,8.6,3.7,11.1
2025-01-06,11.2,1.2,0.0
2025-01-07,17.1,2.0,0.0
2025-01-08,18.0,2.9,0.0
2025-01-09,18.3,3.5,0.0
2025-01-10,18.2,2.6,0.0
2025-01-11,18.5,3.0,0.0
2025-01-12,13.4,4.4,0.7
2025-01-13,12.6,7.2,2.2
2025-01-14,7.6,5.8,4.7
2025-01-15,9.5,4.3,3.3
2025-01-16,9.8,5.4,6.0
2025-01-17,10.0,3.0,0.2
2025-01-18,9.6,2.0,0.3
2025-01-19,11.4,3.2,2.1
2025-01-20,8.1,0.9,4.9
2025-01-21,12.6,-1.0,0.0
2025-01-22,15.6,-0.2,0.0
2025-01-23,11.3,6.2,3.2
2025-01-24,15.4,3.1,0.3
2025-01-25,16.5,2.8,0.0
2025-01-26,12.8,4.9,3.1
2025-01-27,14.9,1.5,0.0
2025-01-28,17.7,1.9,0.0
2025-01-29,18.6,2.9,0.0
2025-01-30,19.0,2.8,0.0
2025-01-31,12.4,1.9,0.0
2025-02-01,14.9,0.5,0.0
2025-02-02,13.0,1.7,0.3
2025-02-03,14.3,3.2,0.0
2025-02-04,8.1,3.5,15.7
2025-02-05,5.1,2.1,7.3
2025-02-06,5.2,2.2,5.3
2025-02-07,6.6,2.4,6.9
2025-02-08,6.8,4.2,4.2
2025-02-09,7.0,2.2,7.1
2025-02-10,5.2,2.9,6.5
2025-02-11,5.2,3.2,3.5
2025-02-12,7.6,3.5,2.2
2025-02-13,6.5,4.2,10.9
2025-02-14,11.5,-0.2,0.0
2025-02-15,15.0,1.5,0.0
2025-02-16,10.4,3.8,0.2
2025-02-17,10.0,5.2,2.6
2025-02-18,5.2,0.9,17.3
2025-02-19,4.6,0.9,5.1
2025-02-20,2.0,-0.4,15.5
2025-02-21,1.5,-4.2,10.9
2025-02-22,0.9,-6.8,4.6
2025-02-23,1.0,-9.4,12.1
2025-02-24,2.0,-9.9,21.5
2025-02-25,4.7,-8.6,0.0
2025-02-26,4.8,-7.7,0.2
2025-02-27,4.9,-7.7,0.0
2025-02-28,5.5,-5.2,0.5
2025-03-01,5.8,1.4,0.0
2025-03-02,10.1,-1.8,0.0
2025-03-03,7.2,3.4,6.2
2025-03-04,7.9,3.0,2.9
2025-03-05,11.2,-0.3,0.0
2025-03-06,15.6,-0.1,0.0
2025-03-07,15.4,1.5,0.0
2025-03-08,13.4,2.0,0.0
2025-03-09,16.1,2.3,0.0
2025-03-10,12.3,4.6,0.0
2025-03-11,21.4,3.5,0.0
2025-03-12,26.4,6.6,0.0
2025-03-13,28.0,8.6,0.0
2025-03-14,25.1,11.9,0.0
2025-03-15,28.8,8.4,0.0
2025-03-16,30.4,10.9,0.0
2025-03-17,21.4,11.1,2.5
2025-03-18,11.4,7.2,11.4
2025-03-19,7.2,3.7,16.5
2025-03-20,7.9,2.8,8.6
2025-03-21,6.2,3.3,15.9
2025-03-22,9.8,2.8,4.3
2025-03-23,13.8,0.7,0.0
2025-03-24,19.1,1.8,0.0
2025-03-25,25.1,5.9,0.0
2025-03-26,20.0,10.8,0.0
2025-03-27,21.0,8.4,0.0
2025-03-28,22.5,9.4,0.3
2025-03-29,20.6,9.7,0.1
2025-03-30,16.1,9.0,12.1
2025-03-31,14.3,9.0,1.8
2025-04-01,21.8,9.0,0.0
2025-04-02,23.8,10.4,2.7
2025-04-03,14.5,9.8,6.7
2025-04-04,13.4,7.2,3.4
2025-04-05,15.6,8.7,1.6
2025-04-06,21.7,7.0,6.0
2025-04-07,17.6,8.9,0.0
2025-04-08,10.6,4.6,5.5
2025-04-09,5.5,2.4,16.9
2025-04-10,10.6,2.2,3.5
2025-04-11,8.9,1.1,11.2
2025-04-12,12.1,-1.1,1.4
2025-04-13,11.6,-0.1,3.9
2025-04-14,10.0,5.3,4.3
2025-04-15,13.2,7.0,0.3
2025-04-16,15.3,8.1,1.5
2025-04-17,15.6,6.1,0.0
2025-04-18,16.5,6.1,0.0
2025-04-19,16.2,6.1,0.0
2025-04-20,14.1,7.3,14.5
2025-04-21,18.5,7.3,0.0
2025-04-22,17.1,7.6,0.0
2025-04-23,14.1,10.1,1.8
2025-04-24,14.9,9.5,37.9
2025-04-25,16.2,8.1,11.6
2025-04-26,18.8,7.1,0.0
2025-04-27,16.3,8.5,1.9
2025-04-28,13.6,6.8,0.5
2025-04-29,12.8,4.0,0.0
2025-04-30,14.4,5.9,0.0
2025-05-01,15.6,7.4,1.0
2025-05-02,13.9,10.3,12.3
2025-05-03,15.9,7.6,23.0
2025-05-04,17.5,4.7,0.0
2025-05-05,18.6,6.9,0.0
2025-05-06,22.2,7.4,0.0
2025-05-07,26.6,10.4,2.4
2025-05-08,22.0,13.6,3.2
2025-05-09,27.9,12.6,1.4
2025-05-10,20.7,12.8,1.7
2025-05-11,14.6,11.5,5.4
2025-05-12,14.7,10.5,3.0
2025-05-13,15.3,9.8,6.5
2025-05-14,15.1,7.2,1.6
2025-05-15,16.9,9.6,0.7
2025-05-16,22.0,6.7,0.8
2025-05-17,30.4,11.9,0.2
2025-05-18,16.6,12.5,7.1
2025-05-19,19.5,10.0,0.4
2025-05-20,21.7,8.6,0.0
2025-05-21,20.3,11.3,0.0
2025-05-22,22.4,8.4,0.0
2025-05-23,25.2,11.8,0.0
2025-05-24,23.3,12.9,0.0
2025-05-25,26.9,12.5,0.0
2025-05-26,25.5,14.6,0.5
2025-05-27,18.0,15.0,5.9
2025-05-28,21.5,13.8,0.0
2025-05-29,22.1,10.4,0.0
2025-05-30,21.1,12.6,0.1
2025-05-31,21.8,11.4,0.0
2025-06-01,20.9,14.1,18.1
2025-06-02,21.8,14.7,0.6
2025-06-03,21.9,13.5,2.7
2025-06-04,25.0,11.7,0.0
2025-06-05,26.5,11.9,0.0
2025-06-06,23.9,14.2,0.0
2025-06-07,25.3,13.1,0.0
2025-06-08,24.0,11.9,0.0
2025-06-09,26.4,12.1,0.0
2025-06-10,25.5,13.5,0.0
2025-06-11,24.9,19.1,0.6
2025-06-12,25.7,15.6,0.0
2025-06-13,23.5,18.9,1.1
2025-06-14,22.6,17.4,0.8
2025-06-15,23.0,13.9,6.2
2025-06-16,23.8,13.2,3.0
2025-06-17,25.1,13.5,0.3
2025-06-18,27.2,15.0,0.0
2025-06-19,25.5,15.4,0.0
2025-06-20,28.8,13.2,0.0
2025-06-21,24.9,15.8,0.3
2025-06-22,22.5,16.1,5.2
2025-06-23,25.0,13.0,0.0
2025-06-24,25.9,13.8,0.0
2025-06-25,29.1,12.6,0.0
2025-06-26,30.9,14.9,0.0
2025-06-27,26.7,15.9,0.0
2025-06-28,25.7,18.4,0.5
2025-06-29,22.0,14.7,9.0
2025-06-30,23.8,14.7,7.5
2025-07-01,26.6,17.5,0.7
2025-07-02,24.1,15.1,1.0
2025-07-03,23.5,15.3,20.5
2025-07-04,22.9,15.7,27.0
2025-07-05,24.9,18.0,20.1
2025-07-06,27.3,15.1,0.0
2025-07-07,26.5,15.4,0.0
2025-07-08,27.8,16.3,0.0
2025-07-09,28.9,17.3,0.0
2025-07-10,29.5,18.1,0.0
2025-07-11,25.9,20.5,0.1
2025-07-12,27.2,20.6,1.6
2025-07-13,28.2,21.0,4.0
2025-07-14,29.9,18.1,0.0
2025-07-15,28.9,21.4,2.3
2025-07-16,29.2,18.8,0.5
2025-07-17,32.2,17.5,0.0
2025-07-18,33.8,18.8,0.0
2025-07-19,28.9,21.8,2.2
2025-07-20,28.7,21.5,0.0
2025-07-21,28.6,19.2,0.6
2025-07-22,31.2,22.0,0.4
2025-07-23,31.3,21.2,0.1
2025-07-24,30.6,19.8,0.0
2025-07-25,30.2,21.8,3.1
2025-07-26,30.1,22.6,0.1
2025-07-27,30.5,20.8,0.0
2025-07-28,33.3,20.5,0.0
2025-07-29,33.0,23.8,0.0
2025-07-30,31.6,23.7,0.2
2025-07-31,29.7,25.0,1.4
2025-08-01,29.6,24.1,3.9
2025-08-02,28.8,24.0,0.6
2025-08-03,29.7,22.1,0.2
2025-08-04,29.4,22.6,1.9
2025-08-05,29.8,22.5,0.0
2025-08-06,30.8,20.5,0.0
2025-08-07,30.8,19.4,0.2
2025-08-08,31.6,23.9,3.1
2025-08-09,30.0,23.1,2.7
2025-08-10,30.4,22.2,0.0
2025-08-11,29.9,19.2,0.0
2025-08-12,29.6,18.9,1.6
2025-08-13,28.9,21.0,0.3
2025-08-14,28.9,17.5,0.0
2025-08-15,28.5,17.5,0.0
2025-08-16,28.9,19.6,0.0
2025-08-17,29.7,18.1,0.0
2025-08-18,28.9,16.8,0.1
2025-08-19,27.5,22.4,2.4
2025-08-20,28.7,19.8,0.0
2025-08-21,27.6,19.9,0.5
2025-08-22,31.9,18.5,0.0
2025-08-23,33.5,18.5,0.0
2025-08-24,25.7,20.2,3.8
2025-08-25,24.2,19.9,10.6
2025-08-26,25.2,18.0,0.1
2025-08-27,26.2,15.6,0.0
2025-08-28,27.5,17.6,0.0
2025-08-29,27.9,19.9,0.0
2025-08-30,30.0,17.6,0.0
2025-08-31,30.2,18.9,0.0
2025-09-01,29.6,19.5,0.2
2025-09-02,27.5,21.3,0.1
2025-09-03,27.4,17.4,6.5
2025-09-04,27.1,20.0,10.2
2025-09-05,27.9,20.5,1.3
2025-09-06,25.7,19.4,1.7
2025-09-07,26.5,20.2,1.1
2025-09-08,24.1,18.0,2.0
2025-09-09,26.5,16.5,0.3
2025-09-10,28.2,15.1,11.2
2025-09-11,26.0,15.4,0.8
2025-09-12,26.0,16.6,0.1
2025-09-13,25.9,17.2,1.6
2025-09-14,24.8,15.6,0.0
2025-09-15,26.5,12.5,0.0
2025-09-16,25.1,15.9,0.0
2025-09-17,26.4,13.9,0.0
2025-09-18,22.5,13.9,4.9
2025-09-19,22.0,14.2,13.1
2025-09-20,21.5,15.8,12.0
2025-09-21,22.2,14.9,3.2
2025-09-22,22.5,11.2,0.0
2025-09-23,25.1,10.9,0.0
2025-09-24,24.2,12.2,0.0
2025-09-25,23.0,13.6,0.0
2025-09-26,20.2,14.7,8.4
2025-09-27,19.1,12.5,0.1
2025-09-28,20.1,8.7,0.0
2025-09-29,20.8,14.2,22.3
2025-09-30,19.0,15.3,11.8
2025-10-01,20.0,13.9,0.9
2025-10-02,20.4,14.1,1.3
2025-10-03,23.6,10.6,0.0
2025-10-04,31.1,13.6,0.0
2025-10-05,21.6,15.6,0.1
2025-10-06,23.7,13.6,0.0
2025-10-07,24.7,12.0,0.0
2025-10-08,28.8,13.3,0.0
2025-10-09,19.9,12.1,8.6
2025-10-10,22.1,11.0,0.0
2025-10-11,22.5,10.8,0.4
2025-10-12,18.7,11.5,9.0
2025-10-13,19.7,9.1,0.0
2025-10-14,19.6,9.4,0.0
2025-10-15,19.0,8.8,0.2
2025-10-16,16.6,13.4,3.0
2025-10-17,19.6,11.5,0.1
2025-10-18,22.9,8.6,0.1
2025-10-19,21.4,13.9,6.6
2025-10-20,15.2,9.9,14.1
2025-10-21,17.4,6.7,0.0
2025-10-22,23.4,7.6,0.1
2025-10-23,24.8,11.9,0.4
2025-10-24,22.5,13.5,2.2
2025-10-25,21.0,12.7,1.0
2025-10-26,18.8,12.3,15.3
2025-10-27,26.9,11.9,0.0
2025-10-28,23.2,14.2,5.1
2025-10-29,17.3,10.5,14.8
2025-10-30,19.8,7.4,0.0
2025-10-31,22.6,7.4,0.0
2025-11-01,19.2,7.3,0.0
2025-11-02,18.8,7.2,0.0
2025-11-03,20.0,6.4,0.0
2025-11-04,19.9,7.6,0.0
2025-11-05,19.6,10.7,0.2
2025-11-06,18.9,11.4,0.2
2025-11-07,20.5,9.8,0.0
2025-11-08,18.4,11.1,0.0
2025-11-09,20.1,11.4,0.0
2025-11-10,20.5,10.6,0.0
2025-11-11,22.6,9.7,0.0
2025-11-12,19.0,9.8,4.4
2025-11-13,14.4,11.9,6.0
2025-11-14,11.8,10.4,22.0
2025-11-15,13.2,10.6,23.7
2025-11-16,18.4,7.6,0.0
2025-11-17,20.4,7.9,0.0
2025-11-18,21.7,10.7,0.0
2025-11-19,22.6,10.4,0.0
2025-11-20,22.8,8.8,0.0
2025-11-21,22.9,7.8,0.0
2025-11-22,25.3,10.4,0.0
2025-11-23,25.5,10.4,0.0
2025-11-24,18.8,11.8,0.9
2025-11-25,18.7,12.9,0.7
2025-11-26,21.5,9.2,0.0
2025-11-27,21.9,8.4,0.0
2025-11-28,21.0,8.7,0.0
2025-11-29,21.0,7.4,0.0
2025-11-30,17.2,8.2,2.0
2025-12-01,14.8,6.9,7.2
2025-12-02,14.5,6.8,1.2
2025-12-03,16.0,5.4,0.0
2025-12-04,15.6,3.5,0.0
2025-12-05,16.3,3.5,0.0
2025-12-06,21.1,7.9,0.0
2025-12-07,18.4,8.6,0.7
2025-12-08,19.2,8.0,1.2
2025-12-09,12.9,11.6,27.3
2025-12-10,14.6,10.6,9.9
2025-12-11,11.4,7.9,14.6
2025-12-12,14.4,3.8,0.0
2025-12-13,14.1,6.9,2.7
2025-12-14,11.6,7.7,4.9
2025-12-15,11.9,7.7,3.4
2025-12-16,7.6,5.1,32.7
2025-12-17,11.4,2.8,0.0
2025-12-18,14.4,0.9,0.0
2025-12-19,13.2,2.4,0.0
2025-12-20,13.6,1.5,0.0
2025-12-21,14.1,1.6,0.2
2025-12-22,13.9,4.3,0.0
2025-12-23,13.2,8.0,1.7
2025-12-24,11.2,8.7,5.8
2025-12-25,9.4,7.2,6.4
2025-12-26,7.7,4.8,3.5
2025-12-27,7.6,2.2,1.0
2025-12-28,9.8,-0.4,0.1
2025-12-29,9.6,0.9,0.0
2025-12-30,9.4,4.2,0.0
2025-12-31,9.1,3.8,19.4
2026-01-01,4.0,0.7,14.8
2026-01-02,4.0,-5.2,0.4
2026-01-03,7.9,-3.1,0.0
2026-01-04,14.9,7.9,0.5
2026-01-05,16.4,6.4,0.0
2026-01-06,16.1,5.1,0.0
2026-01-07,17.9,5.6,1.0
2026-01-08,16.5,9.4,4.5
2026-01-09,10.9,3.1,17.8
2026-01-10,11.4,0.2,1.2
2026-01-11,19.0,9.1,1.2
2026-01-12,9.0,2.8,28.5
2026-01-13,3.8,-1.2,12.2
2026-01-14,7.1,-3.8,0.0
2026-01-15,8.9,-2.3,0.3
2026-01-16,7.0,2.0,6.6
2026-01-17,5.3,-1.8,1.1
2026-01-18,5.2,-3.2,0.7
2026-01-19,4.8,0.5,13.7
2026-01-20,6.1,1.4,2.8
2026-01-21,8.1,-2.5,0.0
2026-01-22,10.7,0.6,0.0
2026-01-23,12.2,7.2,0.7
2026-01-24,14.9,6.3,4.0
2026-01-25,15.9,2.5,0.0
2026-01-26,17.6,4.8,0.0
2026-01-27,18.2,8.6,0.0
2026-01-28,18.4,7.4,0.0
2026-01-29,18.2,5.3,0.0
2026-01-30,18.0,13.1,0.1
2026-01-31,13.8,8.4,0.7
2026-02-01,9.2,7.9,0.6
2026-02-02,19.2,5.0,1.0
2026-02-03,9.7,5.2,17.6
2026-02-04,9.7,2.6,1.3
2026-02-05,14.4,1.1,0.0
2026-02-06,16.5,11.4,0.0
2026-02-07,17.6,9.7,4.7
2026-02-08,12.3,7.6,22.6
2026-02-09,10.1,6.1,6.2
2026-02-10,5.9,3.2,2.6
2026-02-11,11.9,3.9,1.1
2026-02-12,20.0,1.9,0.0
2026-02-13,21.5,10.8,0.2
2026-02-14,17.1,10.1,9.7
2026-02-15,22.4,5.7,0.0
2026-02-16,18.9,9.9,0.0
2026-02-17,19.0,10.2,1.5
2026-02-18,20.9,9.1,10.9
2026-02-19,10.9,4.7,5.8
2026-02-20,18.4,1.5,0.0
2026-02-21,14.9,2.5,0.0
2026-02-22,10.8,4.4,10.6
2026-02-23,9.1,6.5,2.4
2026-02-24,13.1,2.3,0.3
2026-02-25,10.6,3.0,5.5
2026-02-26,7.3,4.3,22.0
2026-02-27,5.8,4.2,28.8
2026-02-28,6.8,3.8,18.5
2026-03-01,9.1,5.1,3.7
2026-03-02,12.4,1.6,0.0
2026-03-03,15.4,1.0,1.6
2026-03-04,7.9,4.5,10.1
2026-03-05,16.0,0.2,0.0
2026-03-06,11.1,4.2,3.9
2026-03-07,7.7,2.7,8.1
2026-03-08,7.3,2.2,0.4
2026-03-09,10.6,3.0,0.0
2026-03-10,11.4,-0.9,0.0
